artist_id,artist_name,artist_genre,artist_popularity,artist_followers,artist_image,artist_homepage
66CXWjxzNUsdJxJ2JdwvnR,Ariana Grande,"['dance pop', 'pop', 'post-teen pop']",97,59355769,https://i.scdn.co/image/f8c793519d837ca2f920c561535fe62ef32e8e5b,https://open.spotify.com/artist/66CXWjxzNUsdJxJ2JdwvnR
7wlFDEWiM5OoIAt8RSli8b,YoungBoy Never Broke Again,"['baton rouge rap', 'trap']",87,6453797,https://i.scdn.co/image/b51a73a2709d6caa0937ccf9b3e2f8736ae70eda,https://open.spotify.com/artist/7wlFDEWiM5OoIAt8RSli8b
4AGwPDdh1y8hochNzHy5HC,RAC,"['alternative dance', 'chillwave', 'electropop', 'indie pop', 'indie poptimism', 'indie rock', 'indietronica', 'metropopolis', 'modern rock', 'nu disco', 'shimmer pop', 'vapor soul']",66,140716,https://i.scdn.co/image/95b1918ab0298d5f842a1c13b07e82f6b73135c4,https://open.spotify.com/artist/4AGwPDdh1y8hochNzHy5HC
2R21vXR83lH98kGeO99Y66,Anuel AA,"['latin', 'reggaeton', 'reggaeton flow', 'trap boricua', 'trap latino']",94,16633552,https://i.scdn.co/image/dff586d5432fac247af626065aafa0ddccd1bec7,https://open.spotify.com/artist/2R21vXR83lH98kGeO99Y66
31W5EY0aAly4Qieq6OFu6I,A Boogie Wit da Hoodie,"['melodic rap', 'pop rap', 'rap', 'trap']",88,5545458,https://i.scdn.co/image/c5624d93f38067845f2454189b0248cc0b4e69cf,https://open.spotify.com/artist/31W5EY0aAly4Qieq6OFu6I
13ubrt8QOOCPljQ2FL1Kca,A$AP Rocky,"['east coast hip hop', 'hip hop', 'rap', 'trap']",87,8819086,https://i.scdn.co/image/cce607c4d975ae49d68b484eaef51a6413fa73b1,https://open.spotify.com/artist/13ubrt8QOOCPljQ2FL1Kca
5ZS223C6JyBfXasXxrRqOk,Jhené Aiko,"['alternative r&b', 'dance pop', 'pop', 'r&b', 'urban contemporary']",84,4281019,https://i.scdn.co/image/89bc8c20f5050a33e5a0e9c3159549090177ae3a,https://open.spotify.com/artist/5ZS223C6JyBfXasXxrRqOk
7Ln80lUS6He07XvHI8qqHH,Arctic Monkeys,"['garage rock', 'modern rock', 'permanent wave', 'rock', 'sheffield indie']",89,11155666,https://i.scdn.co/image/ed0552e9746ed2bbf04ae4bcb5525700ca31522d,https://open.spotify.com/artist/7Ln80lUS6He07XvHI8qqHH
1mcTU81TzQhprhouKaTkpq,Rauw Alejandro,"['puerto rican pop', 'trap latino']",94,4036105,https://i.scdn.co/image/8090ef3f48596617b6d6d570198af850ab922c01,https://open.spotify.com/artist/1mcTU81TzQhprhouKaTkpq
4yvcSjfu4PC0CYQyLy4wSq,Glass Animals,"['gauze pop', 'indietronica', 'shiver pop']",84,1565088,https://i.scdn.co/image/f282504561b0c2b2ec74925793bbf132982e9098,https://open.spotify.com/artist/4yvcSjfu4PC0CYQyLy4wSq
6s22t5Y3prQHyaHWUN1R1C,AJR,['modern rock'],81,1677116,https://i.scdn.co/image/22219e6beaa9a4933b90cca1d32e48db233d984c,https://open.spotify.com/artist/6s22t5Y3prQHyaHWUN1R1C
4q3ewBCX7sLwd24euuV69X,Bad Bunny,"['latin', 'reggaeton', 'trap latino']",100,30938558,https://i.scdn.co/image/1c66d291db8ab21ac32d045ef28199fb195b97cf,https://open.spotify.com/artist/4q3ewBCX7sLwd24euuV69X
5f7VJjfbwm532GiveGC0ZK,Lil Baby,"['atl hip hop', 'atl trap', 'rap', 'trap']",94,6434596,https://i.scdn.co/image/56b6de5bda0459783c9e59b06efa45a14904ad06,https://open.spotify.com/artist/5f7VJjfbwm532GiveGC0ZK
1uNFoZAHBGtllmzznpCI3s,Justin Bieber,"['canadian pop', 'pop', 'post-teen pop']",96,43244495,https://i.scdn.co/image/6176ed27c8a6c5293b79e5574616db22073a8629,https://open.spotify.com/artist/1uNFoZAHBGtllmzznpCI3s
3Nrfpe0tUJi4K4DXYWgMUX,BTS,"['k-pop', 'k-pop boy group']",97,30260491,https://i.scdn.co/image/8ef1003d0cab2411ebc066ae9e50c01dceaf4e6c,https://open.spotify.com/artist/3Nrfpe0tUJi4K4DXYWgMUX
6qqNVTkY8uBg9cP3Jd7DAH,Billie Eilish,"['electropop', 'pop']",94,40498872,https://i.scdn.co/image/3c002f88611ecde6eeae0802de018b5f1b0390b5,https://open.spotify.com/artist/6qqNVTkY8uBg9cP3Jd7DAH
7bXgB6jMjp9ATFy66eO08Z,Chris Brown,"['dance pop', 'pop', 'pop rap', 'r&b', 'rap']",92,13266054,https://i.scdn.co/image/e153d6448b17ce97b2a79da70d64b89230c67053,https://open.spotify.com/artist/7bXgB6jMjp9ATFy66eO08Z
2cFrymmkijnjDg9SS92EPM,blackbear,"['electropop', 'pop', 'pop rap']",88,4007050,https://i.scdn.co/image/87ee7b72bab2721e5a3665aeb48309f411ac6df8,https://open.spotify.com/artist/2cFrymmkijnjDg9SS92EPM
4kYSro6naA4h99UJvo89HB,Cardi B,"['dance pop', 'pop', 'pop rap', 'rap']",91,14984625,https://i.scdn.co/image/e9c7d7e446f19d445898eb362417542b134863af,https://open.spotify.com/artist/4kYSro6naA4h99UJvo89HB
0c173mlxpT3dSFRgMO8XPh,Big Sean,"['detroit hip hop', 'hip hop', 'pop rap', 'rap', 'southern hip hop', 'trap']",87,8222431,https://i.scdn.co/image/c34667b11ae7fe716a8bcbf14ecc4683da255542,https://open.spotify.com/artist/0c173mlxpT3dSFRgMO8XPh
2Sf2VjK8vpOU9i9VfshmO7,Voskresenie,"['classic russian rock', 'russian rock']",35,35011,https://i.scdn.co/image/ab67616d0000b273fd74ad7f3737698b8d057164,https://open.spotify.com/artist/2Sf2VjK8vpOU9i9VfshmO7
6l3HvQ5sa6mXTsMTB19rO5,J. Cole,"['conscious hip hop', 'hip hop', 'north carolina hip hop', 'rap']",89,12793257,https://i.scdn.co/image/c58beb81196bbdda378b6746c51a10aace2f63a6,https://open.spotify.com/artist/6l3HvQ5sa6mXTsMTB19rO5
5cj0lLjcoR7YOSnhnX0Po5,Doja Cat,"['dance pop', 'pop']",92,5634457,https://i.scdn.co/image/c0492ddbdf41c4595ee1334d3f896ea786005fe9,https://open.spotify.com/artist/5cj0lLjcoR7YOSnhnX0Po5
0fA0VVWsXO9YnASrzqfmYu,Kid Cudi,"['hip hop', 'ohio hip hop', 'rap']",89,4650598,https://i.scdn.co/image/4cb57ae1ef87546455db9cf65ba414c311ff459a,https://open.spotify.com/artist/0fA0VVWsXO9YnASrzqfmYu
718COspgdWOnwOFpJHRZHS,Luke Combs,['contemporary country'],86,4539806,https://i.scdn.co/image/acce941dc4539e589d2ee931e8cfe036993935ce,https://open.spotify.com/artist/718COspgdWOnwOFpJHRZHS
699OTQXzgjhIYAHMy9RyPD,Playboi Carti,"['atl hip hop', 'hip hop', 'rap', 'trap']",86,4470191,https://i.scdn.co/image/5135930ac3774dff22b1935f40fa5be80ed99f47,https://open.spotify.com/artist/699OTQXzgjhIYAHMy9RyPD
4V8LLVI7PbaPR0K2TGSxFF,"Tyler, The Creator","['hip hop', 'rap']",87,5948367,https://i.scdn.co/image/fe839f5bd121774e64f377b5eead237c69a01711,https://open.spotify.com/artist/4V8LLVI7PbaPR0K2TGSxFF
5YGY8feqx7naU7z4HrwZM6,Miley Cyrus,"['dance pop', 'pop', 'pop dance', 'post-teen pop']",90,14400148,https://i.scdn.co/image/f040656afb8bc16cd44781dd39ea3d02184f5c0f,https://open.spotify.com/artist/5YGY8feqx7naU7z4HrwZM6
17lzZA2AlOHwCwFALHttmp,2 Chainz,"['atl hip hop', 'gangster rap', 'hip hop', 'pop rap', 'rap', 'southern hip hop', 'trap']",84,6177180,https://i.scdn.co/image/470dd77da564ec4cb352dcd2664ce31c337c0661,https://open.spotify.com/artist/17lzZA2AlOHwCwFALHttmp
3TVXtAsR1Inumwj472S9r4,Drake,"['canadian hip hop', 'canadian pop', 'hip hop', 'pop rap', 'rap', 'toronto rap']",99,53628235,https://i.scdn.co/image/60cfab40c6bb160a1906be45276829d430058005,https://open.spotify.com/artist/3TVXtAsR1Inumwj472S9r4
4r63FhuTkUYltbVAg5TQnk,DaBaby,"['north carolina hip hop', 'rap']",94,6074857,https://i.scdn.co/image/610e4b5d2728ceebc10bd03e0eb836aa98ab9149,https://open.spotify.com/artist/4r63FhuTkUYltbVAg5TQnk
3hcs9uc56yIGFCSy9leWe7,Lil Durk,"['chicago drill', 'chicago rap', 'drill', 'hip hop', 'rap', 'southern hip hop', 'trap']",89,2303314,https://i.scdn.co/image/f8dc61918b7f8c133a9834338740381c8d2f1bea,https://open.spotify.com/artist/3hcs9uc56yIGFCSy9leWe7
6M2wZ9GZgrQXHCFfjv46we,Dua Lipa,"['dance pop', 'pop', 'pop dance', 'uk pop']",95,23247269,https://i.scdn.co/image/552c454001ba87ea580c1f084482991502562996,https://open.spotify.com/artist/6M2wZ9GZgrQXHCFfjv46we
7c0XG5cIJTrrAgEC3ULPiq,Ty Dolla $ign,"['pop rap', 'r&b', 'trap', 'trap soul']",90,3703642,https://i.scdn.co/image/38c4d40a0baf5c1a31bb5b09ac07a32d5d11d7e0,https://open.spotify.com/artist/7c0XG5cIJTrrAgEC3ULPiq
4AK6F7OLvEQ5QYCBNiQWHq,One Direction,"['boy band', 'pop', 'post-teen pop', 'talent show']",91,20360327,https://i.scdn.co/image/5bb443424a1ad71603c43d67f5af1a04da6bb3c8,https://open.spotify.com/artist/4AK6F7OLvEQ5QYCBNiQWHq
6ASri4ePR7RlsvIQgWPJpS,iann dior,"['melodic rap', 'pop rap']",88,1031906,https://i.scdn.co/image/0af59dc69f23f2844102eb3ccd5c0c00de792b0a,https://open.spotify.com/artist/6ASri4ePR7RlsvIQgWPJpS
4Gso3d4CscCijv0lmajZWs,Don Toliver,"['rap', 'trap']",86,1311573,https://i.scdn.co/image/86fa93dd0465e29e3e06ba92fad64fb50061b6c3,https://open.spotify.com/artist/4Gso3d4CscCijv0lmajZWs
00FQb4jTyendYWaN8pK0wa,Lana Del Rey,"['art pop', 'dance pop', 'pop']",89,12415173,https://i.scdn.co/image/d79b3e6cc42de7f44c8f131ed9b3ed594202e400,https://open.spotify.com/artist/00FQb4jTyendYWaN8pK0wa
4VMYDCV2IEDYJArk749S6m,Daddy Yankee,"['latin', 'latin hip hop', 'reggaeton', 'trap latino', 'tropical']",92,22398079,https://i.scdn.co/image/4171df91c80317ac5198cd0007921534f7ece6b3,https://open.spotify.com/artist/4VMYDCV2IEDYJArk749S6m
53XhwfbYqKCa1cC15pYq2q,Imagine Dragons,"['modern rock', 'rock']",90,33013254,https://i.scdn.co/image/01b36ca0f45f2f15117022a2754287a6ca1acdcc,https://open.spotify.com/artist/53XhwfbYqKCa1cC15pYq2q
5fMUXHkw8R8eOP2RNVYEZX,Diplo,"['bmore', 'edm', 'moombahton', 'ninja', 'pop', 'pop dance', 'tropical house']",87,2363521,https://i.scdn.co/image/c748cac51be1fd85b597072ae39ccd6fce19d859,https://open.spotify.com/artist/5fMUXHkw8R8eOP2RNVYEZX
6S2OmqARrzebs0tKUEyXyp,Demi Lovato,"['dance pop', 'pop', 'pop dance', 'post-teen pop']",87,19170452,https://i.scdn.co/image/5e48d968b6b9fe013e4ddcbb644eb444628a4a62,https://open.spotify.com/artist/6S2OmqARrzebs0tKUEyXyp
7z5WFjZAIYejWy0NI5lv4T,Dan + Shay,"['contemporary country', 'pop']",81,2131639,https://i.scdn.co/image/e0b8ddc138df064a9d712b8cd97b2750fb62abe4,https://open.spotify.com/artist/7z5WFjZAIYejWy0NI5lv4T
711MCceyCBcFnzjGY4Q7Un,AC/DC,"['australian rock', 'hard rock', 'rock']",86,18195604,https://i.scdn.co/image/52f9c4f83d8642ed80a0bad0317ab940e034de08,https://open.spotify.com/artist/711MCceyCBcFnzjGY4Q7Un
7oPftvlwr6VrsViSDV7fJY,Green Day,"['permanent wave', 'pop punk', 'punk']",84,11832199,https://i.scdn.co/image/5c39df32d59ae1bd45867bb50e4322d14c3d1563,https://open.spotify.com/artist/7oPftvlwr6VrsViSDV7fJY
0QHgL1lAIqAw0HtD7YldmP,DJ Khaled,"['dance pop', 'hip hop', 'miami hip hop', 'pop', 'pop rap', 'rap', 'southern hip hop', 'trap']",83,5757999,https://i.scdn.co/image/be238576e467ed3683758b260e01c983bb638623,https://open.spotify.com/artist/0QHgL1lAIqAw0HtD7YldmP
20wkVLutqVOYrc0kxFs7rA,Daniel Caesar,"['canadian contemporary r&b', 'pop']",81,2502439,https://i.scdn.co/image/f9dbecfbec79585821a0058c96fde9a57b9c106c,https://open.spotify.com/artist/20wkVLutqVOYrc0kxFs7rA
3jK9MiCrA42lLAdMGUZpwa,Anderson .Paak,['escape room'],83,1747978,https://i.scdn.co/image/ad015b706436e5bb40528b5883f2506cb1205e87,https://open.spotify.com/artist/3jK9MiCrA42lLAdMGUZpwa
2QsynagSdAqZj3U9HgDzjD,Bob Marley & The Wailers,"['reggae', 'roots reggae']",84,9228246,https://i.scdn.co/image/b5aae2067db80f694a980e596e7f49618c1206c9,https://open.spotify.com/artist/2QsynagSdAqZj3U9HgDzjD
0XKOBt59crntr7HQXXO8Yz,Brooks & Dunn,"['contemporary country', 'country', 'country road', 'country rock']",74,1773348,https://i.scdn.co/image/f690523f5ad43ede56b91c4599aee87f3f58e099,https://open.spotify.com/artist/0XKOBt59crntr7HQXXO8Yz
2oX42qP5ineK3hrhBECLmj,Andy Grammer,"['modern rock', 'neo mellow', 'pop', 'pop rock', 'post-teen pop']",78,915924,https://i.scdn.co/image/a8660c4ae74a883067345f1bc0095b2c291d2e3c,https://open.spotify.com/artist/2oX42qP5ineK3hrhBECLmj
3gd8FJtBJtkRxdfbTu19U2,Mumford & Sons,"['modern folk rock', 'modern rock', 'pop rock', 'stomp and holler', 'uk americana']",79,5990447,https://i.scdn.co/image/293aad1937b2e6292f1c9076c1476e2bf2437cbc,https://open.spotify.com/artist/3gd8FJtBJtkRxdfbTu19U2
3crnzLy8R4lVwaigKEOz7V,E-40,"['cali rap', 'gangster rap', 'hip hop', 'hyphy', 'oakland hip hop', 'pop rap', 'rap', 'southern hip hop', 'trap', 'west coast rap']",73,630103,https://i.scdn.co/image/d8f36f82cd2f4752e93167e4187636cd032881c5,https://open.spotify.com/artist/3crnzLy8R4lVwaigKEOz7V
77tT1kLj6mCWtFNqiOmP9H,Daryl Hall & John Oates,"['album rock', 'classic rock', 'mellow gold', 'rock', 'soft rock', 'yacht rock']",76,1424725,https://i.scdn.co/image/7e0f30ed48271d45dc6b809862804af03908cd34,https://open.spotify.com/artist/77tT1kLj6mCWtFNqiOmP9H
1wZtkThiXbVNtj6hee6dz9,Wisin & Yandel,"['electro latino', 'latin', 'latin hip hop', 'reggaeton', 'trap latino', 'tropical']",83,4285117,https://i.scdn.co/image/58f9d7a3987afb50f6acefd3cf575a999e6c4796,https://open.spotify.com/artist/1wZtkThiXbVNtj6hee6dz9
2NjfBq1NflQcKSeiDooVjY,Tones And I,"['australian pop', 'pop']",83,2651797,https://i.scdn.co/image/2ad7a2e0628669397397e044ecb950378f3db242,https://open.spotify.com/artist/2NjfBq1NflQcKSeiDooVjY
1RyvyyTE3xzB2ZywiAwp0i,Future,"['atl hip hop', 'pop rap', 'rap', 'southern hip hop', 'trap']",92,9961766,https://i.scdn.co/image/f29832dafb705339f45275679d1e9ba76cf6aec1,https://open.spotify.com/artist/1RyvyyTE3xzB2ZywiAwp0i
2h93pZq0e7k5yf4dywlkpM,Frank Ocean,"['alternative r&b', 'hip hop', 'lgbtq+ hip hop', 'neo soul', 'pop']",87,7375278,https://i.scdn.co/image/7db34c8aace6feb91f38601bb75e6b3301b4657a,https://open.spotify.com/artist/2h93pZq0e7k5yf4dywlkpM
3b8QkneNDz4JHKKKlLgYZg,Florida Georgia Line,"['contemporary country', 'country', 'country pop', 'country road', 'modern country rock']",83,4215746,https://i.scdn.co/image/7cc4f4afdc50efce211b4ed8edf5c15ee4a0478e,https://open.spotify.com/artist/3b8QkneNDz4JHKKKlLgYZg
3tlXnStJ1fFhdScmQeLpuG,Brent Faiyaz,"['dmv rap', 'rap']",84,1424958,https://i.scdn.co/image/e4764966d264261551611ffcd01371b2b3e6999e,https://open.spotify.com/artist/3tlXnStJ1fFhdScmQeLpuG
08GQAI4eElDnROBrJRGE0X,Fleetwood Mac,"['album rock', 'classic rock', 'mellow gold', 'rock', 'soft rock', 'yacht rock']",85,6145228,https://i.scdn.co/image/8976b6b0aacba6f7859b1f0ab7bc0adcd6ea7444,https://open.spotify.com/artist/08GQAI4eElDnROBrJRGE0X
329e4yvIujISKGKz1BZZbO,Farruko,"['latin', 'latin hip hop', 'reggaeton', 'trap latino', 'tropical']",92,9518975,https://i.scdn.co/image/ec12255f2ff0225a309847d6bd75c0b5b566551d,https://open.spotify.com/artist/329e4yvIujISKGKz1BZZbO
1dABGukgZ8XKKOdd2rVSHM,Lofi Fruits Music,[],85,73791,https://i.scdn.co/image/06c8c3e2d8aa31f13597dd13aee456257dd8830c,https://open.spotify.com/artist/1dABGukgZ8XKKOdd2rVSHM
4UXqAaa6dQYAk18Lv7PEgX,Fall Out Boy,"['emo', 'modern rock', 'pop punk']",84,8647778,https://i.scdn.co/image/078a111caaad88290dfa51d1aebf76f305f63dbf,https://open.spotify.com/artist/4UXqAaa6dQYAk18Lv7PEgX
5R9eOlQf7HGzD6srMeJKio,Solfeggio Healing Frequencies MT,['meditation'],80,31840,https://i.scdn.co/image/b87e6352acf1f35d308cf32f672b5c8b9c0e30cf,https://open.spotify.com/artist/5R9eOlQf7HGzD6srMeJKio
7jy3rLJdDQY21OgRLCZ9sD,Foo Fighters,"['alternative metal', 'alternative rock', 'modern rock', 'permanent wave', 'post-grunge', 'rock']",83,8528203,https://i.scdn.co/image/bbdf2bc486fde7c370e14ced32702157a5e24b32,https://open.spotify.com/artist/7jy3rLJdDQY21OgRLCZ9sD
0k17h0D3J5VfsdmQ1iZtE9,Pink Floyd,"['album rock', 'art rock', 'classic rock', 'progressive rock', 'psychedelic rock', 'rock', 'symphonic rock']",84,14088934,https://i.scdn.co/image/e69f71e2be4b67b82af90fb8e9d805715e0684fa,https://open.spotify.com/artist/0k17h0D3J5VfsdmQ1iZtE9
5t28BP42x2axFnqOOMg3CM,Five Finger Death Punch,"['alternative metal', 'groove metal', 'nu metal']",80,4669720,https://i.scdn.co/image/a120724427b9d3ea5b4a7e9f6ba419890d2a6f43,https://open.spotify.com/artist/5t28BP42x2axFnqOOMg3CM
0GJ3FYu5TXpDjqvPs9iA4u,Fets,['lo-fi cover'],80,14192,https://i.scdn.co/image/00673a67136930fcccf06bd156f7da771d2f922d,https://open.spotify.com/artist/0GJ3FYu5TXpDjqvPs9iA4u
5dHt1vcEm9qb8fCyLcB3HL,A$AP Ferg,"['hip hop', 'pop rap', 'rap', 'southern hip hop', 'trap', 'underground hip hop']",80,2869836,https://i.scdn.co/image/25bdf244c941a7dcf01a74f56a37e7f30eb6b1a4,https://open.spotify.com/artist/5dHt1vcEm9qb8fCyLcB3HL
1Mxqyy3pSjf8kZZL4QVxS0,Frank Sinatra,"['adult standards', 'easy listening', 'lounge']",81,4584722,https://i.scdn.co/image/fc4e0f474fb4c4cb83617aa884dc9fd9822d4411,https://open.spotify.com/artist/1Mxqyy3pSjf8kZZL4QVxS0
6vXTefBL93Dj5IqAWq6OTv,French Montana,"['hip hop', 'pop rap', 'rap', 'southern hip hop', 'trap']",82,3842439,https://i.scdn.co/image/14443f9c4ab806e91aee7feaad4f90b91f29f7b6,https://open.spotify.com/artist/6vXTefBL93Dj5IqAWq6OTv
1dKdetem2xEmjgvyymzytS,Grupo Firme,"['corrido', 'norteno', 'nuevo regional mexicano', 'regional mexican', 'sierreno']",83,2066285,https://i.scdn.co/image/940e46169eb3b0ba57efe1d7d03b904fd8f2da26,https://open.spotify.com/artist/1dKdetem2xEmjgvyymzytS
0my6Pg4I28dVcZLSpAkqhv,El Fantasma,"['banda', 'corrido', 'nuevo regional mexicano', 'regional mexican']",80,2373864,https://i.scdn.co/image/21997fcc850b503d702243f5b8dd26d930dcccb8,https://open.spotify.com/artist/0my6Pg4I28dVcZLSpAkqhv
08PvCOlef4xdOr20jFSTPd,Flo Milli,"['dance pop', 'pop', 'viral rap']",76,321518,https://i.scdn.co/image/f4b799a2cb55b2d5111e6c6f259c26945313f959,https://open.spotify.com/artist/08PvCOlef4xdOr20jFSTPd
6PXS4YHDkKvl1wkIl4V8DL,Fetty Wap,"['new jersey rap', 'pop rap', 'rap', 'southern hip hop', 'trap']",77,4021894,https://i.scdn.co/image/345ba48efb55e88a86e7421e992794e551570bdb,https://open.spotify.com/artist/6PXS4YHDkKvl1wkIl4V8DL
2hlmm7s2ICUX0LVIhVFlZQ,Gunna,"['atl hip hop', 'hip hop', 'melodic rap', 'rap', 'trap']",91,2962411,https://i.scdn.co/image/2e43d7406fecc63f262960942dc587a0fc82b7de,https://open.spotify.com/artist/2hlmm7s2ICUX0LVIhVFlZQ
6AgTAQt8XS6jRWi4sX7w49,Polo G,['chicago rap'],89,3279887,https://i.scdn.co/image/86dc350509ace5cc41b7658979a87c8be757e71d,https://open.spotify.com/artist/6AgTAQt8XS6jRWi4sX7w49
6TIYQ3jFPwQSRmorSezPxX,Machine Gun Kelly,"['ohio hip hop', 'pop rap']",90,3208141,https://i.scdn.co/image/121e6d42e65360c843a116cb80c672e812101448,https://open.spotify.com/artist/6TIYQ3jFPwQSRmorSezPxX
1gPhS1zisyXr5dHTYZyiMe,Kevin Gates,"['baton rouge rap', 'rap', 'southern hip hop', 'trap']",82,3970347,https://i.scdn.co/image/b72e0be00a1adbd34206cd1a08e1487fd9db5264,https://open.spotify.com/artist/1gPhS1zisyXr5dHTYZyiMe
1HY2Jd0NmPuamShAr6KMms,Lady Gaga,"['dance pop', 'pop', 'pop dance']",90,16505529,https://i.scdn.co/image/1f4c23aa943d8eafc17e9f02e0cb1ffc3ac49d37,https://open.spotify.com/artist/1HY2Jd0NmPuamShAr6KMms
13y7CgLHjMVRMDqxdx0Xdo,Gucci Mane,"['atl hip hop', 'dirty south rap', 'gangster rap', 'hip hop', 'pop rap', 'rap', 'southern hip hop', 'trap']",84,3736379,https://i.scdn.co/image/dbe9206d667fe9677387f6eab063183a35217074,https://open.spotify.com/artist/13y7CgLHjMVRMDqxdx0Xdo
4fxd5Ee7UefO4CUXgwJ7IP,Giveon,"['alternative r&b', 'pop']",85,714049,https://i.scdn.co/image/7336d78c90f365c33a72e04b0b627d4a483c981b,https://open.spotify.com/artist/4fxd5Ee7UefO4CUXgwJ7IP
02kJSzxNuaWGqwubyUba0Z,G-Eazy,"['hip hop', 'indie pop rap', 'oakland hip hop', 'pop rap', 'rap']",85,4783731,https://i.scdn.co/image/dc5dc72c6406b9460e07c036a1ff7f84cb61abd6,https://open.spotify.com/artist/02kJSzxNuaWGqwubyUba0Z
0C8ZW7ezQVs4URX5aX7Kqx,Selena Gomez,"['dance pop', 'pop', 'pop dance', 'post-teen pop']",90,25838919,https://i.scdn.co/image/082591ccf6b98457426af2f3cff972cb8af54933,https://open.spotify.com/artist/0C8ZW7ezQVs4URX5aX7Kqx
2rhFzFmezpnW82MNqEKVry,Ski Mask The Slump God,"['miami hip hop', 'underground hip hop']",82,3981983,https://i.scdn.co/image/9646d5c6456f8d0ceef51791383ae0ccb9cc1675,https://open.spotify.com/artist/2rhFzFmezpnW82MNqEKVry
73sIBHcqh3Z3NyqHKZ7FOL,Childish Gambino,"['atl hip hop', 'hip hop', 'pop rap', 'rap']",82,7559378,https://i.scdn.co/image/2e1d974c14fb66eb5050bf3526c84c4f6e2f47ae,https://open.spotify.com/artist/73sIBHcqh3Z3NyqHKZ7FOL
4Uc8Dsxct0oMqx0P6i60ea,Conan Gray,"['bedroom pop', 'electropop', 'indie pop', 'pop']",84,2927217,https://i.scdn.co/image/8a21ad56817a3c23f085aec9ced0beb9fa6f31db,https://open.spotify.com/artist/4Uc8Dsxct0oMqx0P6i60ea
3AA28KZvwAUcZuOKwyblJQ,Gorillaz,['alternative hip hop'],83,6639467,https://i.scdn.co/image/ac945f862e51de5d2a7a0647736d7a1b4217f0f8,https://open.spotify.com/artist/3AA28KZvwAUcZuOKwyblJQ
37hAfseJWi0G3Scife12Il,City Girls,"['pop', 'scam rap', 'trap queen']",79,1317515,https://i.scdn.co/image/ac12821f53c50d36a2d1ae4ddc5ce744e1a380e3,https://open.spotify.com/artist/37hAfseJWi0G3Scife12Il
790FomKkXshlbRYZFtlgla,KAROL G,"['latin', 'reggaeton', 'reggaeton colombiano', 'trap latino']",90,15281804,https://i.scdn.co/image/f44509d81a9bee7f2f8e3673edf48019298d1040,https://open.spotify.com/artist/790FomKkXshlbRYZFtlgla
5vngPClqofybhPERIqQMYd,George Strait,"['contemporary country', 'country', 'country road', 'country rock']",76,2406855,https://i.scdn.co/image/707d970fca0f22c19b105e4b8493549c61e70e05,https://open.spotify.com/artist/5vngPClqofybhPERIqQMYd
26VFTg2z8YR0cCuwLzESi2,Halsey,"['dance pop', 'electropop', 'etherpop', 'indie poptimism', 'pop', 'pop dance', 'post-teen pop']",90,14181632,https://i.scdn.co/image/1ccc88afcd13131dc35a1bd028922dbc748a55fb,https://open.spotify.com/artist/26VFTg2z8YR0cCuwLzESi2
6KImCVD70vtIoJWnq6nGn3,Harry Styles,"['pop', 'post-teen pop']",91,13209918,https://i.scdn.co/image/b2163e7456f3d618a0e2a4e32bc892d6b11ce673,https://open.spotify.com/artist/6KImCVD70vtIoJWnq6nGn3
2LIk90788K0zvyj2JJVwkJ,Jack Harlow,"['deep underground hip hop', 'kentucky hip hop', 'pop rap', 'rap']",85,758283,https://i.scdn.co/image/98e354db8bafef4b3be444bad6f0535ad72bf5f6,https://open.spotify.com/artist/2LIk90788K0zvyj2JJVwkJ
3Y7RZ31TRPVadSFVy1o8os,H.E.R.,"['alternative r&b', 'pop', 'r&b']",82,3511278,https://i.scdn.co/image/db35f97fba5e334b8a1a10285e8bc462c8b89f12,https://open.spotify.com/artist/3Y7RZ31TRPVadSFVy1o8os
2FXC3k01G6Gw61bmprjgqS,Hozier,"['irish singer-songwriter', 'modern rock', 'pop']",83,4522709,https://i.scdn.co/image/2e4114631a20bd71903bc335b88f872afdce9a33,https://open.spotify.com/artist/2FXC3k01G6Gw61bmprjgqS
7CajNmpbOovFoOoasH2HaY,Calvin Harris,"['dance pop', 'edm', 'electro house', 'house', 'pop', 'pop dance', 'progressive house', 'uk dance']",88,21366817,https://i.scdn.co/image/af53b9a94b36d4d1af390841f23b7d7c4fcaf9b8,https://open.spotify.com/artist/7CajNmpbOovFoOoasH2HaY
0L8ExT028jH3ddEcZwqJJ5,Red Hot Chili Peppers,"['alternative rock', 'funk metal', 'funk rock', 'permanent wave', 'rock']",86,15547667,https://i.scdn.co/image/89bc3c14aa2b4f250033ffcf5f322b2a553d9331,https://open.spotify.com/artist/0L8ExT028jH3ddEcZwqJJ5
3UUJfRbrA2nTbcg4i0MOwu,Original Broadway Cast of Hamilton,"['broadway', 'hollywood']",81,391300,https://i.scdn.co/image/ab67616d0000b2733743f2dba9dde74bf4338540,https://open.spotify.com/artist/3UUJfRbrA2nTbcg4i0MOwu
7Gi6gjaWy3DxyilpF1a8Is,Junior H,"['corrido', 'corridos tumbados', 'nuevo regional mexicano', 'regional mexican', 'sierreno']",81,663587,https://i.scdn.co/image/51585e01b52816dec8b15a2683d7f797e9c1c26a,https://open.spotify.com/artist/7Gi6gjaWy3DxyilpF1a8Is
5QdEbQJ3ylBnc3gsIASAT5,G Herbo,"['chicago drill', 'chicago rap', 'drill', 'rap', 'southern hip hop', 'trap']",77,1126436,https://i.scdn.co/image/8363009cbb612741bfc343795f2a74b93d36bb37,https://open.spotify.com/artist/5QdEbQJ3ylBnc3gsIASAT5
1Ffb6ejR6Fe5IamqA5oRUF,Bring Me The Horizon,"['melodic metalcore', 'metalcore', 'rock', 'uk metalcore']",83,3609932,https://i.scdn.co/image/33716e651af1bb27db6945b52e50cb5aef2fa75b,https://open.spotify.com/artist/1Ffb6ejR6Fe5IamqA5oRUF
1Hsdzj7Dlq2I7tHP7501T4,Niall Horan,"['dance pop', 'pop', 'post-teen pop']",83,6903284,https://i.scdn.co/image/a41d5d740f37009788c877d3a50f7989579f3e8b,https://open.spotify.com/artist/1Hsdzj7Dlq2I7tHP7501T4
2kucQ9jQwuD8jWdtR9Ef38,Sam Hunt,"['contemporary country', 'country pop']",76,2047479,https://i.scdn.co/image/e0402bb470303fcc7bfd21e2ca7b3da98ec38cdb,https://open.spotify.com/artist/2kucQ9jQwuD8jWdtR9Ef38
0EeQBlQJFiAfJeVN2vT9s0,Nipsey Hussle,"['conscious hip hop', 'gangster rap', 'hip hop', 'pop rap', 'rap', 'southern hip hop', 'trap']",76,2013594,https://i.scdn.co/image/2a53f9d4a36e958d54797aae6aee9645b547c9fd,https://open.spotify.com/artist/0EeQBlQJFiAfJeVN2vT9s0
6XpaIBNiVzIetEPCWDvAFP,Whitney Houston,"['dance pop', 'pop', 'urban contemporary']",82,6367406,https://i.scdn.co/image/9cd1d09d5a351ca65c2f45246703614748ea9fed,https://open.spotify.com/artist/6XpaIBNiVzIetEPCWDvAFP
6EPlBSH2RSiettczlz7ihV,Sleepy Hallow,"['brooklyn drill', 'nyc rap']",75,230317,https://i.scdn.co/image/1f56b47679d852e242104a2ac38a5f5b071f5ab2,https://open.spotify.com/artist/6EPlBSH2RSiettczlz7ihV
2cnMpRsOVqtPMfq7YiFE6K,Van Halen,"['album rock', 'classic rock', 'hard rock', 'rock']",77,3804758,https://i.scdn.co/image/5ce847acc4574532b94e038dd4729a9b9a25bc12,https://open.spotify.com/artist/2cnMpRsOVqtPMfq7YiFE6K
0a9BgwCCRSeKbh2xXZsUaN,Harris Heller,[],75,55068,https://i.scdn.co/image/37757e15583848104acaaac2a09ecd70678156df,https://open.spotify.com/artist/0a9BgwCCRSeKbh2xXZsUaN
5INjqkS1o8h1imAzPqGZBb,Tame Impala,"['australian psych', 'neo-psychedelic']",84,4731860,https://i.scdn.co/image/a7cb9fc6df8b68fdb071156add87284c3c941a04,https://open.spotify.com/artist/5INjqkS1o8h1imAzPqGZBb
6MPCFvOQv5cIGfw3jODMF0,Internet Money,"['pop rap', 'rap', 'trap']",84,240757,https://i.scdn.co/image/46ebec0de8627170636e59876af3ac4a72f94216,https://open.spotify.com/artist/6MPCFvOQv5cIGfw3jODMF0
4LEiUm1SRbFMgfqnQTwUbQ,Bon Iver,"['eau claire indie', 'indie folk', 'melancholia']",81,2927732,https://i.scdn.co/image/d5ea2b221938b03e2096ef2c2caf2a0558014c1e,https://open.spotify.com/artist/4LEiUm1SRbFMgfqnQTwUbQ
45eNHdiiabvmbp4erw26rg,ILLENIUM,"['edm', 'electropop', 'melodic dubstep', 'pop', 'pop dance', 'tropical house']",80,1047288,https://i.scdn.co/image/cb843e45099dccf0fa4d6f4071e82603843547cb,https://open.spotify.com/artist/45eNHdiiabvmbp4erw26rg
3uwAm6vQy7kWPS2bciKWx9,girl in red,"['bedroom pop', 'bubblegrunge', 'indie pop', 'norwegian indie']",80,2818261,https://i.scdn.co/image/ebff5a127cf8fbb20deb9bbcd02cfea64a660bef,https://open.spotify.com/artist/3uwAm6vQy7kWPS2bciKWx9
2CmaKO2zEGJ1NWpS1yfVGz,Falling In Reverse,"['modern rock', 'pop punk', 'rap metal', 'rock']",76,1655746,https://i.scdn.co/image/6188a7897bec100c71554d277999999c2419c4a0,https://open.spotify.com/artist/2CmaKO2zEGJ1NWpS1yfVGz
3Mcii5XWf6E0lrY3Uky4cA,Ice Cube,"['conscious hip hop', 'g funk', 'gangster rap', 'hardcore hip hop', 'hip hop', 'rap', 'west coast rap']",77,4286096,https://i.scdn.co/image/8ed73361f9c205b88c4d092b2f628576e2c719c8,https://open.spotify.com/artist/3Mcii5XWf6E0lrY3Uky4cA
4MCBfE4596Uoi2O4DtmEMz,Juice WRLD,"['chicago rap', 'melodic rap']",98,16468932,https://i.scdn.co/image/d8e62447a338a882b490460da20e90aac6d60ae7,https://open.spotify.com/artist/4MCBfE4596Uoi2O4DtmEMz
3nFkdlSjzX9mRTtwJOzDYB,JAY-Z,"['east coast hip hop', 'hip hop', 'pop rap', 'rap']",88,6028730,https://i.scdn.co/image/4912d27d6b01dd790313d8ef76586be6b100550f,https://open.spotify.com/artist/3nFkdlSjzX9mRTtwJOzDYB
3MZsBdqDrRTJihTHQrO6Dq,Joji,"['alternative r&b', 'viral pop']",87,4230055,https://i.scdn.co/image/946502271a52151aae958c8d5bfefc1088e50886,https://open.spotify.com/artist/3MZsBdqDrRTJihTHQrO6Dq
3FfvYsEGaIb52QPXhg4DcH,Jason Aldean,"['contemporary country', 'country', 'country road']",79,4420808,https://i.scdn.co/image/444faa613370092987253ac10d35433c96223295,https://open.spotify.com/artist/3FfvYsEGaIb52QPXhg4DcH
3KV3p5EY4AvKxOlhGHORLg,Jeremih,"['chicago rap', 'dance pop', 'hip hop', 'pop', 'pop rap', 'r&b', 'southern hip hop', 'trap', 'urban contemporary']",82,4866482,https://i.scdn.co/image/48e38236955edc0ac5dbe291992dbf82a90e6d6d,https://open.spotify.com/artist/3KV3p5EY4AvKxOlhGHORLg
0EFisYRi20PTADoJrifHrz,Jhay Cortez,"['latin', 'reggaeton', 'trap latino']",90,1788186,https://i.scdn.co/image/413551bc8730d2710cbccfaac980fa51c4f7d55f,https://open.spotify.com/artist/0EFisYRi20PTADoJrifHrz
0hEurMDQu99nJRq8pTxO14,John Mayer,"['neo mellow', 'pop', 'pop rock', 'singer-songwriter']",84,4950227,https://i.scdn.co/image/093f63fe03e52d014286eb6e0afa9a099214cf65,https://open.spotify.com/artist/0hEurMDQu99nJRq8pTxO14
31TPClRtHm23RisEBtV3X7,Justin Timberlake,"['dance pop', 'pop']",85,10439343,https://i.scdn.co/image/5b73ff32952c810c98bd5fbe8860ca99414ad6aa,https://open.spotify.com/artist/31TPClRtHm23RisEBtV3X7
3PhoLpVuITZKcymswpck5b,Elton John,"['glam rock', 'mellow gold', 'piano rock', 'soft rock']",86,6712583,https://i.scdn.co/image/f50ae3e5cf3637c5f486b6205468c245644be36e,https://open.spotify.com/artist/3PhoLpVuITZKcymswpck5b
4IWBUUAFIplrNtaOHcJPRM,James Arthur,"['pop', 'talent show', 'uk pop']",87,7660494,https://i.scdn.co/image/9aa3110620414e06e58f3aacbb479475f8e10865,https://open.spotify.com/artist/4IWBUUAFIplrNtaOHcJPRM
3fMbdgg4jU18AjLCKBhRSm,Michael Jackson,"['pop', 'r&b', 'soul']",86,17706969,https://i.scdn.co/image/51dad9aaabe5643818840207a9a8957c2ad91bf2,https://open.spotify.com/artist/3fMbdgg4jU18AjLCKBhRSm
1SupJlEpv7RS2tPNRaHViT,Nicky Jam,"['latin', 'latin hip hop', 'reggaeton', 'trap latino', 'tropical']",89,14079864,https://i.scdn.co/image/127e36f7f7d8b00c37f1888a3da12ea931d7b643,https://open.spotify.com/artist/1SupJlEpv7RS2tPNRaHViT
5y2Xq6xcjJb2jVM54GHK3t,John Legend,"['neo soul', 'pop', 'pop soul', 'r&b', 'urban contemporary']",84,5529270,https://i.scdn.co/image/390a8ab0ae4f2d4cc5172e789d40a438b312a229,https://open.spotify.com/artist/5y2Xq6xcjJb2jVM54GHK3t
3gIRvgZssIb9aiirIg0nI3,Jeremy Zucker,"['electropop', 'pop', 'post-teen pop']",83,1492415,https://i.scdn.co/image/5fead6314a75a470db909bdb78ed4f135da39d1a,https://open.spotify.com/artist/3gIRvgZssIb9aiirIg0nI3
6zFYqv1mOsgBRQbae3JJ9e,Billy Joel,"['classic rock', 'folk rock', 'mellow gold', 'piano rock', 'rock', 'singer-songwriter', 'soft rock']",81,3315065,https://i.scdn.co/image/0488b8c02bc9249ddf858e359dee66f206b1eb4f,https://open.spotify.com/artist/6zFYqv1mOsgBRQbae3JJ9e
5K4W6rqBFWDnAN6FQUkS6x,Kanye West,"['chicago rap', 'rap']",93,13465966,https://i.scdn.co/image/bd1c6fdf3705cf9b7d0c8ac8e7bbed98e31a1559,https://open.spotify.com/artist/5K4W6rqBFWDnAN6FQUkS6x
6LuN9FCkKOj5PcnpouEgny,Khalid,"['alternative r&b', 'pop']",92,13538391,https://i.scdn.co/image/480468924609319ff2c0ed518082be473793552a,https://open.spotify.com/artist/6LuN9FCkKOj5PcnpouEgny
242d2wUjaxIxQaUIJr1953,Artis_Tek,[],0,9,https://i.scdn.co/image/ab67616d0000b273b06c3916af2ede967d15b9cf,https://open.spotify.com/artist/242d2wUjaxIxQaUIJr1953
137W8MRPWKqSmrBGDBFSop,Wiz Khalifa,"['hip hop', 'pittsburgh rap', 'pop rap', 'rap', 'southern hip hop', 'trap']",89,9821024,https://i.scdn.co/image/119b0e8f0ddd4cfc13945e69205e201750b6006c,https://open.spotify.com/artist/137W8MRPWKqSmrBGDBFSop
46SHBwWsqBkxI7EeeBEQG7,Kodak Black,"['florida rap', 'hip hop', 'melodic rap', 'miami hip hop', 'rap', 'southern hip hop', 'trap']",85,6782890,https://i.scdn.co/image/7e3b329829c210144d51035a91b92ce3f55d79fb,https://open.spotify.com/artist/46SHBwWsqBkxI7EeeBEQG7
1U1el3k54VvEUzo3ybLPlM,Kali Uchis,"['colombian pop', 'pop']",87,1518951,https://i.scdn.co/image/49694baab505b05de6e31031a219f348a01ef618,https://open.spotify.com/artist/1U1el3k54VvEUzo3ybLPlM
6QtgPSJPSzcnn7dPZ4VINp,King Von,['chicago rap'],82,838771,https://i.scdn.co/image/5a3753c78eac69bec2704b5de21420fa84402dba,https://open.spotify.com/artist/6QtgPSJPSzcnn7dPZ4VINp
6jJ0s89eD6GaHleKKya26X,Katy Perry,"['dance pop', 'pop', 'pop dance', 'post-teen pop']",88,17704870,https://i.scdn.co/image/ecebace064c7a48b7ae4a611b82887aa79163c1e,https://open.spotify.com/artist/6jJ0s89eD6GaHleKKya26X
3oSJ7TBVCWMDMiYjXNiCKE,Kane Brown,"['contemporary country', 'country road']",81,3195543,https://i.scdn.co/image/c1c4dca1973a866b372b642f10486ca952b7e211,https://open.spotify.com/artist/3oSJ7TBVCWMDMiYjXNiCKE
0cGUm45nv7Z6M6qdXYQGTX,Kehlani,"['dance pop', 'pop', 'pop rap', 'post-teen pop', 'r&b', 'urban contemporary']",83,4420129,https://i.scdn.co/image/369b4e33305fb4bbd6485e0bb51b5526d6d0aa8c,https://open.spotify.com/artist/0cGUm45nv7Z6M6qdXYQGTX
23fqKkggKUBHNkbKtXEls4,Kygo,"['edm', 'pop', 'pop dance', 'tropical house']",87,7264712,https://i.scdn.co/image/eee84c026e93f6d970fdc82c5010c45219530577,https://open.spotify.com/artist/23fqKkggKUBHNkbKtXEls4
6LqNN22kT3074XbTVUrhzX,Kesha,"['dance pop', 'electropop', 'pop', 'pop dance', 'post-teen pop']",82,6198015,https://i.scdn.co/image/282055081bba71c1f715c6459de13d12fb4373d5,https://open.spotify.com/artist/6LqNN22kT3074XbTVUrhzX
3grHWM9bx2E9vwJCdlRv9O,Kenny Chesney,"['contemporary country', 'country', 'country road']",76,3344154,https://i.scdn.co/image/3062555a3ee95a02e3b082fed602e09a97b38b62,https://open.spotify.com/artist/3grHWM9bx2E9vwJCdlRv9O
3DiDSECUqqY1AuBP8qtaIa,Alicia Keys,"['hip pop', 'neo soul', 'pop', 'r&b', 'urban contemporary']",83,8443262,https://i.scdn.co/image/f603978d2974c3132fc13202f8555305dbd71710,https://open.spotify.com/artist/3DiDSECUqqY1AuBP8qtaIa
4O15NlyKLIASxsJ0PrXPfz,Lil Uzi Vert,"['melodic rap', 'philly rap', 'rap', 'trap']",92,10965947,https://i.scdn.co/image/271c672ac7a84a95f3c557177a29b8936923d152,https://open.spotify.com/artist/4O15NlyKLIASxsJ0PrXPfz
55Aa2cqylxrFIXC767Z865,Lil Wayne,"['hip hop', 'new orleans rap', 'pop rap', 'rap', 'trap']",91,10177960,https://i.scdn.co/image/df959d3993ded32689c465c1e6d0e96b612c1404,https://open.spotify.com/artist/55Aa2cqylxrFIXC767Z865
6jGMq4yGs7aQzuGsMgVgZR,Lil Tjay,"['brooklyn drill', 'melodic rap', 'nyc rap']",90,2630714,https://i.scdn.co/image/aa42101db2868d39fe51c411c9e9e70c6233a49c,https://open.spotify.com/artist/6jGMq4yGs7aQzuGsMgVgZR
2kCcBybjl3SAtIcwdWpUe3,Lil Peep,"['emo rap', 'lgbtq+ hip hop']",90,6459990,https://i.scdn.co/image/06404029eb0ce3b6f3b9bc95b7d6b5491a20f9dc,https://open.spotify.com/artist/2kCcBybjl3SAtIcwdWpUe3
2jku7tDXc6XoB6MO2hFuqg,Tory Lanez,"['canadian hip hop', 'hip hop', 'melodic rap', 'pop rap', 'rap', 'toronto rap', 'trap']",86,3545918,https://i.scdn.co/image/2e95da46f0c47c1ac280cdf857a87c3568b82aa8,https://open.spotify.com/artist/2jku7tDXc6XoB6MO2hFuqg
6icQOAFXDZKsumw3YXyusw,Lil Yachty,"['atl hip hop', 'hip hop', 'melodic rap', 'rap', 'southern hip hop', 'trap', 'underground hip hop']",84,6984041,https://i.scdn.co/image/e5271c94202acebab521f1977757eae5cafc2a9b,https://open.spotify.com/artist/6icQOAFXDZKsumw3YXyusw
4xRYI6VqpkE3UwrDrAZL8L,Logic,"['conscious hip hop', 'dmv rap', 'hip hop', 'pop rap', 'rap']",84,5244685,https://i.scdn.co/image/efa0b73c2cdaf40b1767b4b1e1254b1cfc5b51db,https://open.spotify.com/artist/4xRYI6VqpkE3UwrDrAZL8L
1zNqQNIdeOUZHb8zbZRFMX,Swae Lee,"['melodic rap', 'pop rap', 'trap']",85,1108087,https://i.scdn.co/image/faee4f49e912cfac5d3d8db1aa950182881d71b4,https://open.spotify.com/artist/1zNqQNIdeOUZHb8zbZRFMX
6XyY86QOPPrYVGvF9ch6wz,Linkin Park,"['alternative metal', 'nu metal', 'post-grunge', 'rap metal']",88,18244087,https://i.scdn.co/image/1685533969d5b68cbc630f991e873bd6467f1814,https://open.spotify.com/artist/6XyY86QOPPrYVGvF9ch6wz
0BvkDsjIUla7X0k6CSWh1I,Luke Bryan,"['contemporary country', 'country', 'country road']",80,6212094,https://i.scdn.co/image/7d0807400f9076bd4c16d05ccec24c4ae1675e16,https://open.spotify.com/artist/0BvkDsjIUla7X0k6CSWh1I
7d3WFRME3vBY2cgoP38RDo,Lil Skies,"['melodic rap', 'pop rap', 'rap', 'trap']",81,4644881,https://i.scdn.co/image/12f9b7d43a3c295cd6b679b56d2ac78195c86b95,https://open.spotify.com/artist/7d3WFRME3vBY2cgoP38RDo
4oUHIQIBe0LHzYfvXNW4QM,Morgan Wallen,"['contemporary country', 'deep talent show']",91,1521868,https://i.scdn.co/image/e9d5e31ed250f9eb331f17571a9a803cb41cf6c5,https://open.spotify.com/artist/4oUHIQIBe0LHzYfvXNW4QM
246dkjvS1zLTtiykXe5h60,Post Malone,"['dfw rap', 'melodic rap', 'rap']",94,31592018,https://i.scdn.co/image/93fec27f9aac86526b9010e882037afbda4e3d5f,https://open.spotify.com/artist/246dkjvS1zLTtiykXe5h60
4LLpKhyESsyAXpc4laK94U,Mac Miller,"['hip hop', 'pittsburgh rap', 'rap']",88,5586958,https://i.scdn.co/image/ed63d93ec5348edc9cdf85c97179bbc78cd57292,https://open.spotify.com/artist/4LLpKhyESsyAXpc4laK94U
0hCNtLu0JehylgoiP8L4Gh,Nicki Minaj,"['dance pop', 'hip pop', 'pop', 'pop dance', 'pop rap', 'post-teen pop', 'queens hip hop']",91,20585709,https://i.scdn.co/image/2a832cd2b8dd5d0deef6d682ca52ea29f5dda859,https://open.spotify.com/artist/0hCNtLu0JehylgoiP8L4Gh
181bsRPaVXVlUKXrxwZfHK,Megan Thee Stallion,"['houston rap', 'pop', 'pop rap', 'trap queen']",89,3566184,https://i.scdn.co/image/7bca4cddd5903957a727ae5b49936cd57d801d05,https://open.spotify.com/artist/181bsRPaVXVlUKXrxwZfHK
64KEffDW9EtZ1y2vBYgq8T,Marshmello,"['brostep', 'edm', 'pop', 'pop dance', 'progressive electro house']",90,29758343,https://i.scdn.co/image/f12d2ee255b86011feb5c8759dc05cc698623a20,https://open.spotify.com/artist/64KEffDW9EtZ1y2vBYgq8T
0iEtIxbK0KxaSlF7G42ZOp,Metro Boomin,"['hip hop', 'pop rap', 'rap', 'southern hip hop', 'trap']",86,2372556,https://i.scdn.co/image/8986705c72b71411c261c0f9eb65b6a2c04cfe90,https://open.spotify.com/artist/0iEtIxbK0KxaSlF7G42ZOp
7iK8PXO48WeuP03g8YR51W,Myke Towers,['trap latino'],96,4591574,https://i.scdn.co/image/bd2610f5c5cf99859197aec363140f991cff5e25,https://open.spotify.com/artist/7iK8PXO48WeuP03g8YR51W
7n2wHs1TKAczGzO7Dd2rGr,Shawn Mendes,"['canadian pop', 'pop', 'post-teen pop', 'viral pop']",91,31838896,https://i.scdn.co/image/809b93c47fca237138e53968d86682f09d0f45a2,https://open.spotify.com/artist/7n2wHs1TKAczGzO7Dd2rGr
20sxb77xiYeusSH8cVdatc,Meek Mill,"['hip hop', 'philly rap', 'pop rap', 'rap', 'southern hip hop', 'trap']",83,4858464,https://i.scdn.co/image/2c9ec5abeb91b41b6fac18ec974c7a2b85319c5d,https://open.spotify.com/artist/20sxb77xiYeusSH8cVdatc
04gDigrS5kc9YWfZHwBETP,Maroon 5,"['pop', 'pop rock']",91,29745564,https://i.scdn.co/image/305c7c493ca5c108ade08dea6a169694db911644,https://open.spotify.com/artist/04gDigrS5kc9YWfZHwBETP
0e86yPdC41PGRkLp2Q1Bph,Mother Mother,"['indie pop', 'vancouver indie']",84,1420085,https://i.scdn.co/image/7f2a81b5cbc044f69f0c242422844712fe8946b2,https://open.spotify.com/artist/0e86yPdC41PGRkLp2Q1Bph
6oMuImdp5ZcFhWP0ESe6mG,Migos,"['atl hip hop', 'hip hop', 'pop rap', 'rap', 'southern hip hop', 'trap']",83,11250075,https://i.scdn.co/image/ba2d3bfa4c427f1a12ec667f4138bb5d3ecd661c,https://open.spotify.com/artist/6oMuImdp5ZcFhWP0ESe6mG
1r4hJ1h58CWwUQe3MxPuau,Maluma,"['reggaeton', 'reggaeton colombiano']",93,24372843,https://i.scdn.co/image/c221e75282ba726bae56dc705fb257be8900726e,https://open.spotify.com/artist/1r4hJ1h58CWwUQe3MxPuau
1cNDP5yjU5vjeR8qMf4grg,YNW Melly,"['melodic rap', 'trap']",83,5639559,https://i.scdn.co/image/5863599749b7c644d118b3edc3318e408ebbb65d,https://open.spotify.com/artist/1cNDP5yjU5vjeR8qMf4grg
3tJoFztHeIJkJWMrx0td2f,Moneybagg Yo,"['hip hop', 'rap', 'southern hip hop', 'tennessee hip hop', 'trap']",80,1910588,https://i.scdn.co/image/55feead9b42626413f331c9399eea2312ffb2522,https://open.spotify.com/artist/3tJoFztHeIJkJWMrx0td2f
6fOMl44jA4Sp5b9PpYCkzz,NF,"['hip hop', 'pop rap', 'rap']",87,5051518,https://i.scdn.co/image/5d114e57c1f7ced12fc480532b47111c80330b40,https://open.spotify.com/artist/6fOMl44jA4Sp5b9PpYCkzz
7rkW85dBwwrJtlHRDkJDAC,NAV,"['canadian hip hop', 'hip hop', 'melodic rap', 'pop rap', 'rap', 'toronto rap', 'trap']",86,2402076,https://i.scdn.co/image/6938bbdfc026ad49495b5564a0641a9da6fbd970,https://open.spotify.com/artist/7rkW85dBwwrJtlHRDkJDAC
77SW9BnxLY8rJ0RciFqkHh,The Neighbourhood,"['modern alternative rock', 'modern rock', 'pop']",87,5650063,https://i.scdn.co/image/81d31c929ec253818512cd51aacdc6e6960f78bd,https://open.spotify.com/artist/77SW9BnxLY8rJ0RciFqkHh
0ErzCpIMyLcjPiwT4elrtZ,NLE Choppa,"['memphis hip hop', 'trap']",82,2827635,https://i.scdn.co/image/a834398b4fe2264e2b16cec18d9d961aede25c88,https://open.spotify.com/artist/0ErzCpIMyLcjPiwT4elrtZ
6olE6TJLqED3rqDCT0FyPh,Nirvana,"['alternative rock', 'grunge', 'permanent wave', 'rock']",85,12250239,https://i.scdn.co/image/84282c28d851a700132356381fcfbadc67ff498b,https://open.spotify.com/artist/6olE6TJLqED3rqDCT0FyPh
1KCSPY1glIKqW2TotWuXOR,P!nk,"['dance pop', 'pop', 'post-teen pop']",86,10454934,https://i.scdn.co/image/afc2d276d9c1b398d4f1048c20584f926296b9c0,https://open.spotify.com/artist/1KCSPY1glIKqW2TotWuXOR
5IbEL2xjRtKsunfmsahLuO,$NOT,"['dark trap', 'florida rap', 'underground hip hop', 'vapor trap']",79,558634,https://i.scdn.co/image/2627f23b3a084f1a55e1705c4b4a04ea8b87d493,https://open.spotify.com/artist/5IbEL2xjRtKsunfmsahLuO
1i8SpTcr7yvPOmcqrbnVXY,Ozuna,"['latin', 'puerto rican pop', 'reggaeton', 'trap latino']",95,27170941,https://i.scdn.co/image/dff586d5432fac247af626065aafa0ddccd1bec7,https://open.spotify.com/artist/1i8SpTcr7yvPOmcqrbnVXY
1McMsnEElThX1knmY4oliG,Olivia Rodrigo,"['pop', 'post-teen pop']",89,1080494,https://i.scdn.co/image/5fb1f691c5d3cdbc54e1934c1b76e0ce00bcee9b,https://open.spotify.com/artist/1McMsnEElThX1knmY4oliG
4DdkRBBYG6Yk9Ka8tdJ9BW,Offset,"['atl hip hop', 'hip hop', 'pop rap', 'rap', 'southern hip hop', 'trap']",83,1957648,https://i.scdn.co/image/d718d632faa01221dd271f4e60a421596718fda0,https://open.spotify.com/artist/4DdkRBBYG6Yk9Ka8tdJ9BW
7pbDxGE6nQSZVfiFdq9lOL,Rex Orange County,"['bedroom pop', 'pop']",82,2814977,https://i.scdn.co/image/ccf08d0daab08ec8bcc76d549d0d62bb6da1ab14,https://open.spotify.com/artist/7pbDxGE6nQSZVfiFdq9lOL
5Rl15oVamLq7FbSb0NNBNy,5 Seconds of Summer,"['boy band', 'dance pop', 'electropop', 'pop', 'post-teen pop']",85,7223188,https://i.scdn.co/image/8ef3c09019477060d8fb06ecac36a79b5ed1b730,https://open.spotify.com/artist/5Rl15oVamLq7FbSb0NNBNy
5Pwc4xIPtQLFEnJriah9YJ,OneRepublic,"['dance pop', 'neo mellow', 'piano rock', 'pop', 'pop dance', 'pop rock']",85,11434161,https://i.scdn.co/image/5d3c1ba4fe1c8bf44591864e725d7b0f98e46755,https://open.spotify.com/artist/5Pwc4xIPtQLFEnJriah9YJ
3cR4rhS2hBWqI7rJEBacvN,Leslie Odom Jr.,"['broadway', 'hollywood', 'show tunes', 'vocal jazz']",78,193890,https://i.scdn.co/image/104bfb04250997b43778db3879894d916df17099,https://open.spotify.com/artist/3cR4rhS2hBWqI7rJEBacvN
0eDvMgVFoNV3TpwtrVCoTj,Pop Smoke,['brooklyn drill'],94,4463354,https://i.scdn.co/image/dec62931945371fd22f29c436ca61dea03415556,https://open.spotify.com/artist/0eDvMgVFoNV3TpwtrVCoTj
5F1aAS1duwlzExnPs3l2Xe,Pooh Shiesty,"['memphis hip hop', 'southern hip hop', 'tennessee hip hop', 'trap']",81,179508,https://i.scdn.co/image/a54439566a359cbb16cd483861ebf13ceaa81fb1,https://open.spotify.com/artist/5F1aAS1duwlzExnPs3l2Xe
3aQeKQSyrW4qWr35idm0cy,T-Pain,"['dance pop', 'hip hop', 'pop', 'pop rap', 'r&b', 'rap', 'southern hip hop', 'trap', 'urban contemporary']",83,3141547,https://i.scdn.co/image/90890e95f26516915b4862f2b399739bb394239f,https://open.spotify.com/artist/3aQeKQSyrW4qWr35idm0cy
2HPaUgqeutzr3jx5a9WyDV,PARTYNEXTDOOR,"['pop', 'pop rap', 'r&b', 'rap', 'toronto rap', 'trap', 'urban contemporary']",82,2839732,https://i.scdn.co/image/ed52d8dc3e32f9d8833fe3e25320f166e07b9e38,https://open.spotify.com/artist/2HPaUgqeutzr3jx5a9WyDV
0TnOYISbd1XYRBk9myaseg,Pitbull,"['dance pop', 'latin', 'miami hip hop', 'pop', 'pop dance', 'pop rap']",87,8272028,https://i.scdn.co/image/1353990534aef10c946cf3a47865ac22471be5c4,https://open.spotify.com/artist/0TnOYISbd1XYRBk9myaseg
74XFHRwlV6OrjEM0A2NCMF,Paramore,"['candy pop', 'emo', 'pixie', 'pop emo', 'pop punk']",81,5815958,https://i.scdn.co/image/abb33b323f50801c28f2a2409e35004242af40f6,https://open.spotify.com/artist/74XFHRwlV6OrjEM0A2NCMF
2RdwBSPQiwcmiDo9kixcl8,Pharrell Williams,['pop rap'],84,3462126,https://i.scdn.co/image/555bf2119822c212ebf8cbe12b2a9fbff964a2e7,https://open.spotify.com/artist/2RdwBSPQiwcmiDo9kixcl8
1yxSLGMDHlW21z4YXirZDS,Black Eyed Peas,"['dance pop', 'pop', 'pop dance', 'pop rap']",88,5436886,https://i.scdn.co/image/b7c5c94dc9fbdcb3671b10c735b13a7a5b82a816,https://open.spotify.com/artist/1yxSLGMDHlW21z4YXirZDS
21WS9wngs9AqFckK7yYJPM,PnB Rock,"['melodic rap', 'pop rap', 'rap', 'trap']",79,2899005,https://i.scdn.co/image/880d40e65e0d3fd2673dfb45ad2dc06d3ba8561a,https://open.spotify.com/artist/21WS9wngs9AqFckK7yYJPM
0VRj0yCOv2FXJNP47XQnx5,Quavo,"['atl hip hop', 'hip hop', 'melodic rap', 'pop rap', 'rap', 'southern hip hop', 'trap']",86,4781940,https://i.scdn.co/image/5bbc6877502c2a0db474b3b2bd48a073f5048bc2,https://open.spotify.com/artist/0VRj0yCOv2FXJNP47XQnx5
1dfeR4HaWDbWqFHLkxsg1d,Queen,"['classic rock', 'glam rock', 'rock']",90,32623937,https://i.scdn.co/image/b040846ceba13c3e9c125d68389491094e7f2982,https://open.spotify.com/artist/1dfeR4HaWDbWqFHLkxsg1d
3ApUX1o6oSz321MMECyIYd,Quinn XCII,"['electropop', 'indie pop rap', 'pop', 'pop rap']",80,610122,https://i.scdn.co/image/cc79574999169177b0d2a8f9db3588402f7e0a3d,https://open.spotify.com/artist/3ApUX1o6oSz321MMECyIYd
5IcR3N7QB1j6KBL8eImZ8m,ScHoolboy Q,"['gangster rap', 'hip hop', 'pop rap', 'rap', 'southern hip hop', 'trap', 'underground hip hop']",79,3563152,https://i.scdn.co/image/16e1c84dcb5ab6b682f113a048ed172ca3ca2ef6,https://open.spotify.com/artist/5IcR3N7QB1j6KBL8eImZ8m
14zUHaJZo1mnYtn6IBRaRP,Justin Quiles,"['latin', 'reggaeton', 'trap latino']",89,2573730,https://i.scdn.co/image/0c85be62acd83b3b271beb0bc69d57469c56cf4d,https://open.spotify.com/artist/14zUHaJZo1mnYtn6IBRaRP
6i392l38cR3uBPF0DbNs7S,Quality Control,"['hip hop', 'melodic rap', 'pop rap', 'rap', 'southern hip hop', 'trap']",73,751918,https://i.scdn.co/image/ab67616d0000b273f5c547a4335523f10a802f94,https://open.spotify.com/artist/6i392l38cR3uBPF0DbNs7S
4IprNlQiJZUUJhDl0fL2SL,Quando Rondo,"['melodic rap', 'trap']",69,1349361,https://i.scdn.co/image/4ce188c2df4abe3941541c60963d71241d0be20b,https://open.spotify.com/artist/4IprNlQiJZUUJhDl0fL2SL
3nViOFa3kZW8OMSNOzwr98,Queen Naija,"['dance pop', 'pop', 'pop r&b', 'r&b', 'urban contemporary']",70,1786314,https://i.scdn.co/image/d36cd1848e9a4cdd5cf17a256e138370d02b1f14,https://open.spotify.com/artist/3nViOFa3kZW8OMSNOzwr98
5lHRUCqkQZCIWeX7xG4sYT,Rich Homie Quan,"['atl hip hop', 'hip hop', 'pop rap', 'rap', 'southern hip hop', 'trap']",71,2306040,https://i.scdn.co/image/0ba2528909a62b165800aba7a94e244ec449afaa,https://open.spotify.com/artist/5lHRUCqkQZCIWeX7xG4sYT
6MERXsiRbur2oJZFgYRDKz,Vitamin String Quartet,"['bow pop', 'classify']",73,539488,https://i.scdn.co/image/19672acda3720bde92474a00e54d2dcc62e42a5a,https://open.spotify.com/artist/6MERXsiRbur2oJZFgYRDKz
09hVIj6vWgoCDtT03h8ZCa,A Tribe Called Quest,"['alternative hip hop', 'conscious hip hop', 'east coast hip hop', 'gangster rap', 'hardcore hip hop', 'hip hop', 'jazz rap', 'queens hip hop', 'rap']",72,1408554,https://i.scdn.co/image/6f987ab74c72f0c50b19b05ea775bc4033c57706,https://open.spotify.com/artist/09hVIj6vWgoCDtT03h8ZCa
4pejUc4iciQfgdX6OKulQn,Queens of the Stone Age,"['alternative metal', 'alternative rock', 'blues rock', 'modern rock', 'nu metal', 'palm desert scene', 'rock', 'stoner metal', 'stoner rock']",74,2598264,https://i.scdn.co/image/905233ed063a6350613c571e8508b65c3ae98080,https://open.spotify.com/artist/4pejUc4iciQfgdX6OKulQn
3ZotbHeyVQKxQCPDJuQ4SU,Q-Tip,"['alternative hip hop', 'east coast hip hop', 'hardcore hip hop', 'hip hop', 'neo soul', 'queens hip hop']",67,448021,https://i.scdn.co/image/de7804e485499fb93165fb84bb6d655232c561e2,https://open.spotify.com/artist/3ZotbHeyVQKxQCPDJuQ4SU
3M9XAM57a4qFz3v6Lq27t2,Kellin Quinn,[],63,25623,https://i.scdn.co/image/ab67616d0000b2736d66e6fc7dd584e5adab37ec,https://open.spotify.com/artist/3M9XAM57a4qFz3v6Lq27t2
2L54fWLv9EgJu76ELlfV2J,Beto Quintanilla,"['corrido', 'deep regional mexican', 'norteno', 'nuevo regional mexicano', 'regional mexican']",63,500201,https://i.scdn.co/image/201c50aa34173d674a874c16a1b32fddff6f2610,https://open.spotify.com/artist/2L54fWLv9EgJu76ELlfV2J
4o4tLTIJ3eWMFerz73atcT,Qveen Herby,"['dance pop', 'electropop', 'escape room', 'pop', 'post-teen pop', 'trap queen']",64,260891,https://i.scdn.co/image/00f259a66427fe89596d41c5c98a73de8ab15a91,https://open.spotify.com/artist/4o4tLTIJ3eWMFerz73atcT
3zz52ViyCBcplK0ftEVPSS,Quadeca,"['meme rap', 'pop rap', 'social media pop']",63,199595,https://i.scdn.co/image/040fc5893e45bc5ba249a0e4423f898b92555231,https://open.spotify.com/artist/3zz52ViyCBcplK0ftEVPSS
1dLWg6m8RRhizsdqJbhyj3,Quiet Riot,"['album rock', 'classic rock', 'glam metal', 'hard rock', 'metal', 'rock']",64,1126817,https://i.scdn.co/image/2639448c11dfe54f33fd747f44093bb4aea936e0,https://open.spotify.com/artist/1dLWg6m8RRhizsdqJbhyj3
6p2442ymrT9lZEuCZJdYcH,Ivy Queen,"['latin', 'latin hip hop', 'rap latina', 'reggaeton', 'trap latino', 'tropical']",68,1294646,https://i.scdn.co/image/e73d674299c80724ebd3f8e4374a4187073a01e3,https://open.spotify.com/artist/6p2442ymrT9lZEuCZJdYcH
0LzeyDrlLtuyBqMSBN4z3U,Qumu,"['lo-fi vgm', 'otacore', 'vgm remix']",63,79062,https://i.scdn.co/image/367adc7d1dfc1f942414d38b132485be60f0d07a,https://open.spotify.com/artist/0LzeyDrlLtuyBqMSBN4z3U
6Xgp2XMz1fhVYe7i6yNAax,Trippie Redd,"['melodic rap', 'rap', 'trap']",89,5945560,https://i.scdn.co/image/7d6bc1620b53491f82284adb9736eb8299a95a6e,https://open.spotify.com/artist/6Xgp2XMz1fhVYe7i6yNAax
757aE44tKEUQEqRuT6GnEB,Roddy Ricch,"['melodic rap', 'rap', 'trap']",89,5692211,https://i.scdn.co/image/020e997fb003cf666859a90b57ca0519df769d30,https://open.spotify.com/artist/757aE44tKEUQEqRuT6GnEB
5pKCCKE2ajJHZ9KAiaK11H,Rihanna,"['barbadian pop', 'dance pop', 'pop', 'pop dance', 'post-teen pop', 'r&b', 'urban contemporary']",93,41594677,https://i.scdn.co/image/1fc2f537d678d701d7d143a8fd4f0c2f29fbde22,https://open.spotify.com/artist/5pKCCKE2ajJHZ9KAiaK11H
1sBkRIssrMs1AbVkOJbc7a,Rick Ross,"['dirty south rap', 'gangster rap', 'hip hop', 'pop rap', 'rap', 'southern hip hop', 'trap']",84,4644376,https://i.scdn.co/image/83bb3369d1ae515bdee62238522a4f5da3544859,https://open.spotify.com/artist/1sBkRIssrMs1AbVkOJbc7a
1anyVhU62p31KFi8MEzkbf,Chance the Rapper,"['chicago rap', 'conscious hip hop', 'hip hop', 'pop rap', 'rap']",85,5218980,https://i.scdn.co/image/5eb8a2168ab01111c7020738ee0354e4042e64df,https://open.spotify.com/artist/1anyVhU62p31KFi8MEzkbf
1z7b1Pr1rSlvWRzsW3HOrS,Russ,"['hawaiian hip hop', 'pop rap', 'rap']",83,3916495,https://i.scdn.co/image/c4a735f03ac356aeb25675ac0db27e9fe4dfc33c,https://open.spotify.com/artist/1z7b1Pr1rSlvWRzsW3HOrS
06HL4z0CvFAxyc27GXpf02,Taylor Swift,"['dance pop', 'pop', 'pop dance']",98,37697210,https://i.scdn.co/image/8389f45cac7a58e3ab67a3bdeb5b4a0f9d8f7919,https://open.spotify.com/artist/06HL4z0CvFAxyc27GXpf02
0Y5tJX1MQlPlqiwlOH1tJY,Travis Scott,"['rap', 'slap house']",95,15565002,https://i.scdn.co/image/ef784cfa3f4f87d656d3dfa5eedf0a24610faba9,https://open.spotify.com/artist/0Y5tJX1MQlPlqiwlOH1tJY
1URnnhqYAYcrqrcwql10ft,21 Savage,"['atl hip hop', 'rap', 'trap']",89,9303675,https://i.scdn.co/image/fcbc4560c03099fec55cf55054932ca3808e33d3,https://open.spotify.com/artist/1URnnhqYAYcrqrcwql10ft
7tYKF4w9nC0nq9CsPZTHyP,SZA,"['pop', 'pop rap']",89,4782955,https://i.scdn.co/image/c249b8945231dce3dbc69a444c9ba2b2c92ec620,https://open.spotify.com/artist/7tYKF4w9nC0nq9CsPZTHyP
1Xyo4u8uXC1ZmMpatF05PJ,The Weeknd,"['canadian contemporary r&b', 'canadian pop', 'pop']",98,29917463,https://i.scdn.co/image/37376dba0623c33923eae9d234e5e199b76d227f,https://open.spotify.com/artist/1Xyo4u8uXC1ZmMpatF05PJ
50co4Is1HCEo8bhOyUWKpn,Young Thug,"['atl hip hop', 'atl trap', 'gangster rap', 'hip hop', 'melodic rap', 'pop rap', 'rap', 'trap']",92,5986106,https://i.scdn.co/image/69ef089edd03d6d5455ed61e96d27c7f5b995434,https://open.spotify.com/artist/50co4Is1HCEo8bhOyUWKpn
3WrFJ7ztbogyGnTHbHJFl2,The Beatles,"['beatlesque', 'british invasion', 'classic rock', 'merseybeat', 'psychedelic rock', 'rock']",89,18875258,https://i.scdn.co/image/6b2a709752ef9c7aaf0d270344157f6cd2e0f1a7,https://open.spotify.com/artist/3WrFJ7ztbogyGnTHbHJFl2
1VPmR4DJC1PlOtd0IADAO0,$uicideboy$,"['dark trap', 'new orleans rap', 'underground hip hop']",86,3035722,https://i.scdn.co/image/2d1e0c2edbb23b01d494b21a0ace0a56dfdae968,https://open.spotify.com/artist/1VPmR4DJC1PlOtd0IADAO0
23zg3TcAtWQy7J6upgbUnj,Usher,"['atl hip hop', 'dance pop', 'pop', 'r&b', 'south carolina hip hop', 'urban contemporary']",85,8511262,https://i.scdn.co/image/a66733dfb96fb2135bb1f1c931ac62c30753c513,https://open.spotify.com/artist/23zg3TcAtWQy7J6upgbUnj
2pSObt5Fk8izuX8ZfI3jRn,Upchurch,"['contemporary country', 'country rap', 'redneck']",76,870662,https://i.scdn.co/image/dc51d6640c0aa510255495f8c758d75d451ac40f,https://open.spotify.com/artist/2pSObt5Fk8izuX8ZfI3jRn
0u2FHSq3ln94y5Q57xazwf,Keith Urban,"['australian country', 'australian pop', 'contemporary country', 'country', 'country road']",77,4110311,https://i.scdn.co/image/15dabc3028a9f12fe08ed42b74fb38b613ed81b6,https://open.spotify.com/artist/0u2FHSq3ln94y5Q57xazwf
4xFUf1FHVy696Q1JQZMTRj,Carrie Underwood,"['contemporary country', 'country', 'country dawn', 'country road', 'dance pop', 'oklahoma country', 'pop', 'post-teen pop']",75,4458141,https://i.scdn.co/image/3d924a7ee8b489e1c399176288859b0fc6058e0f,https://open.spotify.com/artist/4xFUf1FHVy696Q1JQZMTRj
0CEFCo8288kQU7mJi25s6E,Hollywood Undead,"['alternative metal', 'modern rock', 'nu metal', 'pop punk', 'rap metal', 'rap rock']",76,1922633,https://i.scdn.co/image/47865bd290e771a114221c80cb6b866457f959af,https://open.spotify.com/artist/0CEFCo8288kQU7mJi25s6E
51Blml2LZPmy7TTiAg47vQ,U2,"['irish rock', 'permanent wave', 'rock']",83,7999382,https://i.scdn.co/image/e22d5c0c8139b8439440a69854ed66efae91112d,https://open.spotify.com/artist/51Blml2LZPmy7TTiAg47vQ
74cb3MG0x0BOnYNW1uXYnM,Hillsong UNITED,"['ccm', 'christian alternative rock', 'christian music', 'world worship', 'worship']",77,2873482,https://i.scdn.co/image/99985d015601ee1d31630f19d5847f294cb784fa,https://open.spotify.com/artist/74cb3MG0x0BOnYNW1uXYnM
4rF7c8zpCKzuSXohs2HIpA,Steven Universe,['otacore'],72,565034,https://i.scdn.co/image/9931831747d7c7bce15f963420de2f4c78ece3e6,https://open.spotify.com/artist/4rF7c8zpCKzuSXohs2HIpA
6eYFryfcEu3QSq59D62wZQ,Brendon Urie,[],72,93002,https://i.scdn.co/image/3a34b673e25cc0c1e61708469a154406cc78a459,https://open.spotify.com/artist/6eYFryfcEu3QSq59D62wZQ
4ClziihVpBeFXNyDH83Lde,UMI,"['alternative r&b', 'bedroom soul', 'chill r&b', 'indie r&b', 'pop']",70,489410,https://i.scdn.co/image/2a67512d1cffadfdf4bf8c3c1a1e64c67d6570fd,https://open.spotify.com/artist/4ClziihVpBeFXNyDH83Lde
1294QqYm1VuxxjRiL9M0h9,UPSAHL,"['electropop', 'indie poptimism', 'modern indie pop', 'pop', 'social media pop']",71,129661,https://i.scdn.co/image/4edbcad89f2be79a8708ec841bc85d5a65a4807f,https://open.spotify.com/artist/1294QqYm1VuxxjRiL9M0h9
2DnqqkzzDKm3vAoyHtn8So,Uncle Kracker,"['country', 'country road', 'pop rock']",68,474009,https://i.scdn.co/image/c9df59ef9defdeefd3006b6f47522329cd2dc7bf,https://open.spotify.com/artist/2DnqqkzzDKm3vAoyHtn8So
107CG0UhUl9GJnPwF83N63,UPPERROOM,"['anthem worship', 'ccm', 'christian pop', 'world worship']",67,119020,https://i.scdn.co/image/a2995727320d66265419e665576a1568e64f1e57,https://open.spotify.com/artist/107CG0UhUl9GJnPwF83N63
55VydwMyCuGcavwPuhutPL,The Used,"['emo', 'post-hardcore', 'screamo']",69,862116,https://i.scdn.co/image/0f476171f283207656e95e1005cea7040be475d7,https://open.spotify.com/artist/55VydwMyCuGcavwPuhutPL
7gXb99Sf9nNmpNYeAgIQFG,Sub Urban,['modern indie pop'],74,703467,https://i.scdn.co/image/c811653915453c6207703183372952242ed76a4a,https://open.spotify.com/artist/7gXb99Sf9nNmpNYeAgIQFG
1LeVJ5GPeYDOVUjxx1y7Rp,Unknown Mortal Orchestra,"['chillwave', 'indie pop', 'indie rock', 'indie soul', 'kiwi rock', 'neo-psychedelic', 'new rave', 'portland hip hop', 'psychedelic pop']",69,632382,https://i.scdn.co/image/df2456ee1d94778bcc1e92c984dc904e816ca9fd,https://open.spotify.com/artist/1LeVJ5GPeYDOVUjxx1y7Rp
3paGCCtX1Xr4Gx53mSeZuQ,NCT U,"['k-pop', 'k-pop boy group']",76,2450177,https://i.scdn.co/image/da5cc89a86d802a4dc204434c6e55e6480b145e7,https://open.spotify.com/artist/3paGCCtX1Xr4Gx53mSeZuQ
10exVja0key0uqUkk6LJRT,Vance Joy,"['folk-pop', 'modern rock', 'pop', 'pop rock']",80,2311780,https://i.scdn.co/image/8bc7b5bf199580db517327e3341a21a590883fe3,https://open.spotify.com/artist/10exVja0key0uqUkk6LJRT
1ShZZUjkbXCjhwrb18BA8I,Bryce Vine,"['electropop', 'pop', 'pop rap']",75,385140,https://i.scdn.co/image/3f780405f42cd0d812a463f9657a7a70e1933867,https://open.spotify.com/artist/1ShZZUjkbXCjhwrb18BA8I
44NX2ffIYHr6D4n7RaZF7A,Van Morrison,"['classic rock', 'folk', 'folk rock', 'mellow gold', 'rock', 'roots rock', 'singer-songwriter', 'soft rock', 'soul']",77,1980482,https://i.scdn.co/image/f849f47dd12c6ad44c69cdad9dda089d54b70664,https://open.spotify.com/artist/44NX2ffIYHr6D4n7RaZF7A
4iJLPqClelZOBCBifm8Fzv,Pierce The Veil,"['modern rock', 'pop punk']",73,1670323,https://i.scdn.co/image/32c9cc8f05267eb133588c9fee58a00875b42965,https://open.spotify.com/artist/4iJLPqClelZOBCBifm8Fzv
4PPoI9LuYeFX8V674Z1R6l,Vicente Fernández,"['mariachi', 'ranchera']",78,4359585,https://i.scdn.co/image/82ad4edc185049fd95000c207895b4235711f8b8,https://open.spotify.com/artist/4PPoI9LuYeFX8V674Z1R6l
68kEuyFKyqrdQQLLsmiatm,Vince Staples,"['conscious hip hop', 'escape room', 'hip hop', 'rap', 'underground hip hop']",73,1285394,https://i.scdn.co/image/b5928a2fad6cc160bf4b37d8d393d401db61e6c2,https://open.spotify.com/artist/68kEuyFKyqrdQQLLsmiatm
5BvJzeQpmsdsFp4HGUYUEx,Vampire Weekend,"['baroque pop', 'indie pop', 'indie rock', 'modern rock', 'rock']",74,1697200,https://i.scdn.co/image/5390ca6bd240b2a15b71868d1d105c3d6a7a7b17,https://open.spotify.com/artist/5BvJzeQpmsdsFp4HGUYUEx
45TgXXqMDdF8BkjA83OM7z,Rod Wave,['florida rap'],79,1697901,https://i.scdn.co/image/ab0aa95bcdc47dece5783a5bf4a0d81a613dfc89,https://open.spotify.com/artist/45TgXXqMDdF8BkjA83OM7z
57LYzLEk2LcFghVwuWbcuS,Summer Walker,"['pop', 'r&b']",82,2114973,https://i.scdn.co/image/a38579606746ef34c38c349f4cdb250784f3aee8,https://open.spotify.com/artist/57LYzLEk2LcFghVwuWbcuS
15UsOTVnJzReFVN1VCnxy4,XXXTENTACION,"['emo rap', 'miami hip hop']",94,25899889,https://i.scdn.co/image/3cffe518fd2708f1bd803e19e8f14c64f46cb958,https://open.spotify.com/artist/15UsOTVnJzReFVN1VCnxy4
7jVv8c5Fj3E9VhNjxT4snq,Lil Nas X,"['country rap', 'lgbtq+ hip hop', 'pop rap', 'queer country']",82,4126536,https://i.scdn.co/image/b9895b37470e380641c6718fd3b2ef43ed3f0532,https://open.spotify.com/artist/7jVv8c5Fj3E9VhNjxT4snq
3NPpFNZtSTHheNBaWC82rB,X Ambassadors,"['modern alternative rock', 'modern rock', 'pop', 'pop rock', 'rock', 'stomp pop']",78,2378512,https://i.scdn.co/image/f9669e02d7b9ed1a288c332bf220600911174650,https://open.spotify.com/artist/3NPpFNZtSTHheNBaWC82rB
25uiPmTg16RbhZWAqwLBy5,Charli XCX,"['art pop', 'candy pop', 'dance pop', 'electropop', 'escape room', 'hyperpop', 'metropopolis', 'pop', 'pop dance', 'post-teen pop', 'uk pop']",78,2252716,https://i.scdn.co/image/664de47b004746cd7f5da4731a6735f57a989ebc,https://open.spotify.com/artist/25uiPmTg16RbhZWAqwLBy5
0AsThoR4KZSVktALiNcQwW,Chloe x Halle,"['alternative r&b', 'dance pop', 'pop', 'pop dance', 'pop rap', 'post-teen pop', 'r&b']",72,954038,https://i.scdn.co/image/0dae91ec51af4d286edc16aa6dd4d1948c6dae90,https://open.spotify.com/artist/0AsThoR4KZSVktALiNcQwW
3uo0ix4Y67XHVWBhXXIY1S,Xavier Wulf,"['dark trap', 'emo rap', 'underground hip hop', 'vapor trap']",69,349096,https://i.scdn.co/image/96516b645642dd7e755b96b7a59b940a7df28ac3,https://open.spotify.com/artist/3uo0ix4Y67XHVWBhXXIY1S
0ghlgldX5Dd6720Q3qFyQB,TOMORROW X TOGETHER,"['k-pop', 'k-pop boy group']",77,3128492,https://i.scdn.co/image/18dfbe427d7ca7c53ce1ba2db1f2605c8d3375c1,https://open.spotify.com/artist/0ghlgldX5Dd6720Q3qFyQB
4TnGh5PKbSjpYqpIdlW5nz,Monsta X,"['k-pop', 'k-pop boy group']",73,3311639,https://i.scdn.co/image/87b928a13002edec30930a7e552c393c385758aa,https://open.spotify.com/artist/4TnGh5PKbSjpYqpIdlW5nz
3EXdLajEO02ziZ90P90bSW,Lil Xan,"['emo rap', 'underground hip hop']",69,2142156,https://i.scdn.co/image/5749568a7dc77164f911df2739829063735bc1e0,https://open.spotify.com/artist/3EXdLajEO02ziZ90P90bSW
5bCwYvvFvWOEXtO9W7p0Iv,Craig Xen,"['dark trap', 'emo rap', 'underground hip hop', 'vapor trap']",66,174073,https://i.scdn.co/image/b252f2277d540e13b9ee1ca216377fac03877610,https://open.spotify.com/artist/5bCwYvvFvWOEXtO9W7p0Iv
3iOvXCl6edW5Um0fXEBRXy,The xx,"['downtempo', 'dream pop', 'indietronica']",72,3640303,https://i.scdn.co/image/922163afa546eca372c27be4513a481de06e9481,https://open.spotify.com/artist/3iOvXCl6edW5Um0fXEBRXy
2TImI3DW7o5MdRXJs4D37h,SOB X RBE,"['cali rap', 'trap', 'vapor trap']",63,453059,https://i.scdn.co/image/db238faa808b29be70f305a17a157434532d2846,https://open.spotify.com/artist/2TImI3DW7o5MdRXJs4D37h
4tujQJicOnuZRLiBFdp3Ou,Xzibit,"['detroit hip hop', 'g funk', 'gangster rap', 'hardcore hip hop', 'hip hop', 'pop rap', 'rap', 'west coast rap']",70,1163690,https://i.scdn.co/image/f17bd1b3b6e1b72962ad8b0d60190b5ab725ad7c,https://open.spotify.com/artist/4tujQJicOnuZRLiBFdp3Ou
3UjPnt2nRmw10N58bBeNOg,Xavier Omär,"['alternative r&b', 'chill r&b', 'indie r&b', 'indie soul', 'trap soul']",63,269369,https://i.scdn.co/image/3893ea2b85ecf2e4f3bc548b3786721e836b4a0b,https://open.spotify.com/artist/3UjPnt2nRmw10N58bBeNOg
2KjAo6wVc9d2WcxdxSArpV,RY X,"['indie folk', 'vapor soul']",70,346266,https://i.scdn.co/image/69d060dade4be866821540883256e7c42ea816ca,https://open.spotify.com/artist/2KjAo6wVc9d2WcxdxSArpV
7JDSHlDdVTo7aZKdQZ53Vf,Static-X,"['alternative metal', 'groove metal', 'industrial metal', 'industrial rock', 'nu metal', 'rap metal', 'rap rock']",63,988901,https://i.scdn.co/image/8d4a0a7a631bd2baaa3ba9190a4cc076bf2232db,https://open.spotify.com/artist/7JDSHlDdVTo7aZKdQZ53Vf
0wnYgCeP013HkKoOyC5V32,Allie X,"['art pop', 'australian pop', 'canadian electropop', 'canadian pop', 'dance pop', 'electropop', 'escape room', 'indie electropop', 'indie poptimism', 'metropopolis', 'pop', 'pop dance', 'post-teen pop', 'vapor soul']",65,564506,https://i.scdn.co/image/58e256079a54e6611bf810a488d64487e87f16d8,https://open.spotify.com/artist/0wnYgCeP013HkKoOyC5V32
3nCJkmgdZQ6l8o828Y3vNQ,A L E X,"['chillhop', 'focus beats', 'lo-fi beats']",63,45036,https://i.scdn.co/image/d532d5776c39ea1b543e06f31f6e3aa71680bd60,https://open.spotify.com/artist/3nCJkmgdZQ6l8o828Y3vNQ
5z2cHsOmmmWcAPNG1oEhw0,Xscape,"['atl hip hop', 'dance pop', 'girl group', 'hip hop', 'hip pop', 'neo soul', 'new jack swing', 'pop r&b', 'quiet storm', 'r&b', 'urban contemporary']",57,1037539,https://i.scdn.co/image/e40197aeda853d1d769828b7e89fa07c32029808,https://open.spotify.com/artist/5z2cHsOmmmWcAPNG1oEhw0
1moxjboGR7GNWYIMWsRjgG,Florence + The Machine,"['baroque pop', 'pop', 'uk alternative pop']",78,5499778,https://i.scdn.co/image/fe95ad45a869a8babae165461d26cdaddcab66d3,https://open.spotify.com/artist/1moxjboGR7GNWYIMWsRjgG
3tQx1LPXbsYjE9VwN1Peaa,Marc E. Bassy,"['alternative r&b', 'electropop', 'indie poptimism', 'pop', 'pop rap', 'rap']",73,348818,https://i.scdn.co/image/2a3031cd084ae2fa623b75cd9f3a5b03b2339923,https://open.spotify.com/artist/3tQx1LPXbsYjE9VwN1Peaa
6X8WdFjrNhXATMDSs26aCc,Curren$y,"['alternative hip hop', 'dirty south rap', 'gangster rap', 'hip hop', 'new orleans rap', 'pop rap', 'rap', 'southern hip hop', 'underground hip hop']",70,770291,https://i.scdn.co/image/72ca23c2b8aec82e7d2c6a54e23a954095566b21,https://open.spotify.com/artist/6X8WdFjrNhXATMDSs26aCc
4QQgXkCYTt3BlENzhyNETg,"Earth, Wind & Fire","['disco', 'funk', 'jazz funk', 'motown', 'quiet storm', 'soul']",77,2786932,https://i.scdn.co/image/9fd0a9822140cce668ee15263e1f73730152dff0,https://open.spotify.com/artist/4QQgXkCYTt3BlENzhyNETg
4tX2TplrkIP4v05BNC903e,Tom Petty and the Heartbreakers,"['album rock', 'classic rock', 'country rock', 'folk rock', 'hard rock', 'heartland rock', 'mellow gold', 'pop rock', 'psychedelic rock', 'rock', 'roots rock', 'soft rock']",73,1718447,https://i.scdn.co/image/aad075182748c11fef14d2b045ace556fa3f219d,https://open.spotify.com/artist/4tX2TplrkIP4v05BNC903e
70cRZdQywnSFp9pnc2WTCE,Simon & Garfunkel,"['classic rock', 'folk', 'folk rock', 'melancholia', 'mellow gold', 'rock']",77,3282617,https://i.scdn.co/image/afde2fdd14f8c8ca23393f257e3a369a234a24b6,https://open.spotify.com/artist/70cRZdQywnSFp9pnc2WTCE
21451j1KhjAiaYKflxBjr1,Zion & Lennox,"['latin', 'latin hip hop', 'reggaeton', 'reggaeton flow', 'trap latino', 'tropical']",82,5152394,https://i.scdn.co/image/f3f3176ba3293a455ea995210e5c788c4c19dfbe,https://open.spotify.com/artist/21451j1KhjAiaYKflxBjr1
5BcAKTbp20cv7tC5VqPFoC,Macklemore & Ryan Lewis,"['dance pop', 'pop', 'pop dance', 'pop rap', 'seattle hip hop']",79,2557083,https://i.scdn.co/image/aa77c545af000003e22621637813e2e7c65c4203,https://open.spotify.com/artist/5BcAKTbp20cv7tC5VqPFoC
0n94vC3S9c3mb2HyNAOcjg,The Head And The Heart,"['folk-pop', 'indie folk', 'indie pop', 'modern rock', 'new americana', 'seattle indie', 'stomp and holler']",71,899616,https://i.scdn.co/image/31c98c4125d3c0ae3e1d7469d138decd15abb039,https://open.spotify.com/artist/0n94vC3S9c3mb2HyNAOcjg
1J2VVASYAamtQ3Bt8wGgA6,Ja Rule,"['dance pop', 'east coast hip hop', 'gangster rap', 'hip hop', 'hip pop', 'pop rap', 'queens hip hop', 'rap', 'urban contemporary']",74,1172605,https://i.scdn.co/image/e1b060211552b23c964a0cedd2536d806bcd8511,https://open.spotify.com/artist/1J2VVASYAamtQ3Bt8wGgA6
36QJpDe2go2KgaRleHCDTp,Led Zeppelin,"['album rock', 'classic rock', 'hard rock', 'rock']",82,10372842,https://i.scdn.co/image/207803ce008388d3427a685254f9de6a8f61dc2e,https://open.spotify.com/artist/36QJpDe2go2KgaRleHCDTp
5ZsFI1h6hIdQRw2ti0hz81,ZAYN,"['dance pop', 'pop', 'pop dance', 'post-teen pop', 'uk pop']",86,14903802,https://i.scdn.co/image/9aa52d0443bc2c02a9187e7dd4f36ca417989915,https://open.spotify.com/artist/5ZsFI1h6hIdQRw2ti0hz81
6yJCxee7QumYr820xdIsjo,Zac Brown Band,"['contemporary country', 'country', 'country road', 'modern country rock']",76,2547714,https://i.scdn.co/image/c229d59dead54557194c6c3961e5290639ffa00c,https://open.spotify.com/artist/6yJCxee7QumYr820xdIsjo
2qxJFvFYMEDqd7ui6kSAcq,Zedd,"['complextro', 'dance pop', 'edm', 'electro house', 'electropop', 'german techno', 'pop', 'pop dance', 'post-teen pop', 'tropical house']",82,5384404,https://i.scdn.co/image/2d6c24e979a799b52a5ae2b5510793182f1202b4,https://open.spotify.com/artist/2qxJFvFYMEDqd7ui6kSAcq
1Xylc3o4UrD53lo9CvFvVg,Zara Larsson,"['dance pop', 'edm', 'electropop', 'pop', 'pop dance', 'post-teen pop', 'scandipop', 'swedish electropop', 'swedish pop', 'tropical house']",83,8485286,https://i.scdn.co/image/55e14872fa5018596f550026d333e75bcb2cf4c4,https://open.spotify.com/artist/1Xylc3o4UrD53lo9CvFvVg
0vRvGUQVUjytro0xpb26bs,Arizona Zervas,"['pop rap', 'rhode island rap']",78,583212,https://i.scdn.co/image/d549aadbb8b3a254fdc8e5ac93535a706463dce6,https://open.spotify.com/artist/0vRvGUQVUjytro0xpb26bs
0YC192cP3KPCRWx8zr8MfZ,Hans Zimmer,"['german soundtrack', 'soundtrack']",80,2453048,https://i.scdn.co/image/7400192eccc75d72a35f77f1df503ef6e937c066,https://open.spotify.com/artist/0YC192cP3KPCRWx8zr8MfZ
6sCbFbEjbYepqswM1vWjjs,Zendaya,"['dance pop', 'pop', 'post-teen pop']",76,2877481,https://i.scdn.co/image/fba29219867535aaed72b65c2cb363040cb98103,https://open.spotify.com/artist/6sCbFbEjbYepqswM1vWjjs
6U1dBXJhC8gXFjamvFTmHg,Zac Efron,"['dance pop', 'hollywood', 'pop', 'post-teen pop', 'show tunes']",77,703159,https://i.scdn.co/image/735f581e4a58d772bd495494dceae99120ea0f4e,https://open.spotify.com/artist/6U1dBXJhC8gXFjamvFTmHg
3HVdAiMNjYrQIKlOGxoGh5,Rob Zombie,"['alternative metal', 'hard rock', 'industrial metal', 'industrial rock', 'nu metal', 'rap rock']",70,1768456,https://i.scdn.co/image/dc03ceec63c5c69276e577faec1a7a135d33b18a,https://open.spotify.com/artist/3HVdAiMNjYrQIKlOGxoGh5
28j8lBWDdDSHSSt5oPlsX2,ZHU,"['edm', 'electro house', 'house']",73,662154,https://i.scdn.co/image/53f6231dc92d52106027f72e591a2bb64e89bc2e,https://open.spotify.com/artist/28j8lBWDdDSHSSt5oPlsX2
3qBKjEOanahMxlRojwCzhI,Zacari,['gqom'],70,64453,https://i.scdn.co/image/819cb567c2f11aeeaaf1c609f8bcb83f63de27b5,https://open.spotify.com/artist/3qBKjEOanahMxlRojwCzhI
4G1zP5i0r57g1c1CxrPhfM,ZillaKami,['dark trap'],70,150987,https://i.scdn.co/image/de5c8f014429b631cd8a50ce1507885cbe52a4a3,https://open.spotify.com/artist/4G1zP5i0r57g1c1CxrPhfM
5bWUlnPx9OYKsLiUJrhCA1,Jon Z,"['reggaeton', 'reggaeton flow', 'trap latino']",77,2827586,https://i.scdn.co/image/0c6c4282aeb7eebfb21fda8883ade47f603a2c22,https://open.spotify.com/artist/5bWUlnPx9OYKsLiUJrhCA1
1pgDilWYDWLoOgGjf1iHNu,Zion,"['latin', 'latin hip hop', 'reggaeton', 'reggaeton flow', 'trap latino', 'tropical']",77,2194362,https://i.scdn.co/image/01b740506d62b329302d55078eb8dc49d32a4f8b,https://open.spotify.com/artist/1pgDilWYDWLoOgGjf1iHNu
1dqGS5sT6PE2wEvP1gROZC,Flatbush Zombies,"['escape room', 'hip hop', 'psychedelic hip hop', 'rap', 'underground hip hop']",67,971697,https://i.scdn.co/image/e0e24916a77be69c4969dfeea06131eb78c322ac,https://open.spotify.com/artist/1dqGS5sT6PE2wEvP1gROZC
6g10GEtmIVqIQBhPZh4ScQ,Zach Williams,['ccm'],65,156610,https://i.scdn.co/image/5485f784735610fe94bccef71b57c39f23a38100,https://open.spotify.com/artist/6g10GEtmIVqIQBhPZh4ScQ
