album_id	album_name	album_release_date	artist_id
3euz4vS7ezKGnNSwgyvKcd	Positions	2020-10-30	66CXWjxzNUsdJxJ2JdwvnR
5UACk85y1hNRSUtY0ss8pb	k bye for now (swt live)	2019-12-23	66CXWjxzNUsdJxJ2JdwvnR
2fYhqwDWXjbpjaIJPEfKFw	thank u, next	2019-02-08	66CXWjxzNUsdJxJ2JdwvnR
3tx8gQqWbGwqIGZHqDNrGe	Sweetener	2018-08-17	66CXWjxzNUsdJxJ2JdwvnR
1w3bK9CG80xsuDPlrz5EV7	Nobody Safe	2020-11-20	1pPmIToKXyGdsCF6LmqLmI
16KXrAw3eocY4j77dD2EUk	Until I Return	2020-11-13	7wlFDEWiM5OoIAt8RSli8b
6MbQdX6OomgQhZU6QCqMKW	Top	2020-09-11	7wlFDEWiM5OoIAt8RSli8b
4ZpCZs3zu8tFnJL0vrQIh1	BOY	2020-05-08	4AGwPDdh1y8hochNzHy5HC
2a2gaBPzah3tEiGNM3eurq	EGO	2017-07-14	4AGwPDdh1y8hochNzHy5HC
0UMiljg2dwbDv1tTp0IsGG	Master Spy (Original Soundtrack)	2015-09-14	4AGwPDdh1y8hochNzHy5HC
28adqly9V7wm5DFr7hlqtK	Los Dioses	2021-01-22	2R21vXR83lH98kGeO99Y66
7JtT7OyWM8BnIS5FXXPMKg	Emmanuel	2020-05-29	2R21vXR83lH98kGeO99Y66
5pQwQRnQOuKrbVUVnGMEN4	Real Hasta la Muerte	2018-07-17	2R21vXR83lH98kGeO99Y66
3MATDdrpHmQCmuOcozZjDa	TESTING	2018-05-25	13ubrt8QOOCPljQ2FL1Kca
5b6HBIqolYQCK29Ma4tVqP	AT.LONG.LAST.A$AP	2015-06-17	13ubrt8QOOCPljQ2FL1Kca
1JsySWOa2RchsBB2N4313v	Chilombo (Deluxe)	2020-07-17	5ZS223C6JyBfXasXxrRqOk
5jlE1zlhT3mEWw0mRpN920	Chilombo	2020-03-06	5ZS223C6JyBfXasXxrRqOk
7CAAClnSiXdMibPT1oyl4k	Trip	2017-09-22	5ZS223C6JyBfXasXxrRqOk
2d9BCZeAAhiZWPpbX9aPCW	EL ÚLTIMO TOUR DEL MUNDO	2020-11-27	4q3ewBCX7sLwd24euuV69X
4gvQO5mEuhbMSrLIuwXkmz	LAS QUE NO IBAN A SALIR	2020-05-10	4q3ewBCX7sLwd24euuV69X
5lJqux7orBlA1QzyiBGti1	YHLQMDLG	2020-02-28	4q3ewBCX7sLwd24euuV69X
6ylFfzx32ICw4L1A7YWNLN	OASIS	2019-06-28	1vyhD5VmyZ7KMfW5gqLgo5
7CjJb2mikwAWA1V6kewFBF	X 100PRE	2018-12-23	4q3ewBCX7sLwd24euuV69X
5GAvwptqr4r63i8lZWrL58	My Turn (Deluxe)	2020-10-01	5f7VJjfbwm532GiveGC0ZK
1ynyQdPQiXdYJNQEDL1S3d	My Turn	2020-02-28	5f7VJjfbwm532GiveGC0ZK
63iWSELt9V1kV6RSMxN7Ii	Changes	2020-02-14	1uNFoZAHBGtllmzznpCI3s
3jJ5HhbOC2KB5fOZ2RgJTo	Purpose (Deluxe)	2015-11-13	1uNFoZAHBGtllmzznpCI3s
1rknZw4cyL9NInAqSwc8AA	Journals	2014-05-13	1uNFoZAHBGtllmzznpCI3s
0S0KGZnfBGSIssfF54WSJh	WHEN WE ALL FALL ASLEEP, WHERE DO WE GO?	2019-03-29	6qqNVTkY8uBg9cP3Jd7DAH
64nbgEEIcY4g1ElVLONJ0w	Man On The Moon III: The Chosen	2020-12-11	0fA0VVWsXO9YnASrzqfmYu
6pwuKxMUkNg673KETsXPUV	KIDS SEE GHOSTS	2018-06-08	2hPgGN4uhvXAxiXQBIXOmE
5bCk3kWAy2JbbTfHqzZCII	Passion, Pain & Demon Slayin'	2016-12-16	0fA0VVWsXO9YnASrzqfmYu
7fZKtzZAsfH0kzeTivu5TG	Slime & B	2020-05-08	7bXgB6jMjp9ATFy66eO08Z
3okhA6w5uau6ZNhnVpwVww	Indigo (Extended)	2019-10-04	7bXgB6jMjp9ATFy66eO08Z
1BfLzaTFI5qKsAAk0Ae6aV	Indigo	2019-06-28	7bXgB6jMjp9ATFy66eO08Z
5PerfGh9Smd6XjwkxpmL4V	Revenge Of The Dreamers III: Director's Cut	2020-01-16	1iNqsUDUraNWrj00bqssQG
2n3quCZ0anEa46j2IveacI	Revenge Of The Dreamers III	2019-07-05	1iNqsUDUraNWrj00bqssQG
4Wv5UAieM1LDEYVq5WmqDd	KOD	2018-04-20	6l3HvQ5sa6mXTsMTB19rO5
3xcNRROgwXUvhR9NVrvAR4	Hot Pink (Japan Version)	2020-11-11	5cj0lLjcoR7YOSnhnX0Po5
1MmVkhiwTH0BkNOU3nw5d3	Hot Pink	2019-11-07	5cj0lLjcoR7YOSnhnX0Po5
3wOMqxNHgkga91RBC7BaZU	Amala (Deluxe Version)	2019-03-01	5cj0lLjcoR7YOSnhnX0Po5
25TJxI6ZH6XjT8geRQAFz5	What You See Ain't Always What You Get (Deluxe Edition)	2020-10-23	718COspgdWOnwOFpJHRZHS
0S9D5NIDp2YXhYwlvuJzqx	What You See Is What You Get	2019-11-08	718COspgdWOnwOFpJHRZHS
53Oa5Bu0UTU8o8qCTaHKoz	This One's for You Too (Deluxe Edition)	2018-06-01	718COspgdWOnwOFpJHRZHS
1lhNch5NkOONvFhRPh8qaj	This One's for You	2017-06-02	718COspgdWOnwOFpJHRZHS
6OQ9gBfg5EXeNAEwGSs6jK	Dark Lane Demo Tapes	2020-05-01	3TVXtAsR1Inumwj472S9r4
7dqpveMVcWgbzqYrOdkFTD	Care Package	2019-08-02	3TVXtAsR1Inumwj472S9r4
2podUJIFG8hLfFz7Kqe8yJ	So Far Gone	2019-02-14	3TVXtAsR1Inumwj472S9r4
6SL49HqoUwu2hhfukBAK3Q	BLAME IT ON BABY (DELUXE)	2020-08-04	4r63FhuTkUYltbVAg5TQnk
623PL2MBg50Br5dLXC9E9e	BLAME IT ON BABY	2020-04-17	4r63FhuTkUYltbVAg5TQnk
1NsTSXjVNE7XmZ8PmyW0wl	KIRK	2019-09-27	4r63FhuTkUYltbVAg5TQnk
47kzblYQZC439seeROq90P	The Voice (Deluxe)	2021-01-29	3hcs9uc56yIGFCSy9leWe7
12TuxCWI6BzfSXaZMKMrPn	The Voice	2020-12-24	3hcs9uc56yIGFCSy9leWe7
2lTzPbjHdZgNyV5cvhT7qE	Just Cause Y'all Waited 2 (Deluxe)	2020-06-26	3hcs9uc56yIGFCSy9leWe7
6M4Nu5UgX097dxeF2lm9P8	Featuring Ty Dolla $ign	2020-10-23	7c0XG5cIJTrrAgEC3ULPiq
16rRmI5wxWWO5dnRWUKCPA	MIH-TY	2018-10-26	3UrWALysNWwb24BnlAzSwm
2wtx5XeYMFOpY40eK9f7fA	Beach House 3 (Deluxe Edition)	2018-05-11	7c0XG5cIJTrrAgEC3ULPiq
1gMxiQQSg5zeu4htBosASY	Made In The A.M. (Deluxe Edition)	2015-11-13	4AK6F7OLvEQ5QYCBNiQWHq
4gCNyS7pidfK3rKWhB3JOY	FOUR (Deluxe)	2014-11-17	4AK6F7OLvEQ5QYCBNiQWHq
7p1fX8aUySrBdx4WSYspOu	Midnight Memories (Deluxe)	2013-11-25	4AK6F7OLvEQ5QYCBNiQWHq
2sWX3HYnZjPZ9MrH6MFsBt	Take Me Home (Expanded Edition)	2012-11-12	4AK6F7OLvEQ5QYCBNiQWHq
6cunQQ7YZisYOoiFu2ywIq	Up All Night	2012-05-25	4AK6F7OLvEQ5QYCBNiQWHq
5XpEKORZ4y6OrCZSKsi46A	Norman Fucking Rockwell!	2019-08-30	00FQb4jTyendYWaN8pK0wa
4Eo5r6Sdgdhef6XT66X7ID	Lust For Life	2017-07-21	00FQb4jTyendYWaN8pK0wa
13k3IPnPlB9SWgTy2NusbH	Honeymoon	2015-09-18	00FQb4jTyendYWaN8pK0wa
6QkaLeuxTaYibek4fhwpmF	Diplo Presents Thomas Wesley: Snake Oil (Deluxe)	2020-12-18	5fMUXHkw8R8eOP2RNVYEZX
0B0YAftqQVpzUD7K12wDVg	Music Is The Weapon	2020-10-23	738wLrAtLtCtFOLvQBXOXp
0xJyM0DFwty067hIBH5fql	Music is the Weapon	2020-10-23	738wLrAtLtCtFOLvQBXOXp
7bYdYjEonvh7QGun2hQOJE	MMXX	2020-09-04	5fMUXHkw8R8eOP2RNVYEZX
2Om5VEKaBd4Afht33ToQGD	Diplo Presents Thomas Wesley Chapter 1: Snake Oil	2020-05-29	5fMUXHkw8R8eOP2RNVYEZX
3JfSxDfmwS5OeHPwLSkrfr	Origins (Deluxe)	2018-11-09	53XhwfbYqKCa1cC15pYq2q
33pt9HBdGlAbRGBHQgsZsU	Evolve	2017-06-23	53XhwfbYqKCa1cC15pYq2q
6ecx4OFG0nlUMqAi9OXQER	Smoke + Mirrors (Deluxe)	2015-10-30	53XhwfbYqKCa1cC15pYq2q
3FHRtpBjpyLsWDL7RQmlKQ	Smoke + Mirrors (Asia Tour Edition)	2015-07-10	53XhwfbYqKCa1cC15pYq2q
4VRebE7OlgjE896hS92gjo	2K20, Pt. 3 (Live)	2020-12-25	4VMYDCV2IEDYJArk749S6m
0CDLQ6cxLj0UydmFX394VL	2K20, Pt. 2 (Live)	2020-12-12	4VMYDCV2IEDYJArk749S6m
0N091826fEGbqVB1NnKguC	2K20, Pt. 1 (Live)	2020-12-04	4VMYDCV2IEDYJArk749S6m
3xtMlD79fXUjZ92e1c4TnX	King Daddy	2013-01-01	4VMYDCV2IEDYJArk749S6m
6EHVngrtT0klxOIPSX8olL	Muve Sessions: Prestige	2012-01-01	4VMYDCV2IEDYJArk749S6m
0g1F5eGVwX4Sxi1n8ojPkE	Dan + Shay	2018-06-22	7z5WFjZAIYejWy0NI5lv4T
4rQa0t2qWm1MNPy7DNEUHB	Obsessed	2016-06-03	7z5WFjZAIYejWy0NI5lv4T
2Zkvy7eARxR3qjKNWMiwMa	Where It All Began	2014-04-01	7z5WFjZAIYejWy0NI5lv4T
7GwY65mTwrw2Rf519I5W6D	Where It All Began (Commentary)	2014-03-28	7z5WFjZAIYejWy0NI5lv4T
0YF8PfcGbsKg5IaFyPnlyY	Ventura	2019-04-12	3jK9MiCrA42lLAdMGUZpwa
4a6u9TUkH1MW2zZkFUYlV0	Ventura (Instrumentals)	2019-04-12	3jK9MiCrA42lLAdMGUZpwa
3rqqwtJE89WoWvMyPTvbZc	Oxnard	2018-11-16	3jK9MiCrA42lLAdMGUZpwa
1krSTklspcBqtOZqdzxALx	Bob Marley Legacy: Punky Reggae Party	2020-12-11	2QsynagSdAqZj3U9HgDzjD
2M9E6uD6mYqRFTjqcaVzzC	Live At The Rainbow, 4th June 1977 (Remastered 2020)	2020-06-12	2QsynagSdAqZj3U9HgDzjD
3lxHj7xzLBkPpg98eJ7G8B	Exodus 40	2017-06-02	2QsynagSdAqZj3U9HgDzjD
0KI2QGv4bRgVsab4fR4XLn	Exodus 40 (40th Anniversary Deluxe Edition)	2017-06-02	2QsynagSdAqZj3U9HgDzjD
3DZmcdIS8JlZwYFhbN9Pbc	Easy Skanking In Boston '78	2015-02-03	2QsynagSdAqZj3U9HgDzjD
0U3nI78LUpAwprraUf7vAS	Reboot	2019-04-05	0XKOBt59crntr7HQXXO8Yz
2X3fLHcJN2Quyzaf4Hm3hz	The Essential Brooks & Dunn	2012-04-17	0XKOBt59crntr7HQXXO8Yz
1ZXM9jY3Bsg12KXgwftBrO	#1s ... and then some	2009-09-08	0XKOBt59crntr7HQXXO8Yz
17TAGHz2PNov3uOzx2lNrn	Cowboy Town	2007-10-02	0XKOBt59crntr7HQXXO8Yz
0Pj9usAe5cnhsfBAIqgcOP	Hillbilly Deluxe	2005-08-30	0XKOBt59crntr7HQXXO8Yz
20mlgqmD6YJwkNuAfLRcDC	Naive	2019-07-26	2oX42qP5ineK3hrhBECLmj
4NkgzNCOzuki4FuWUOY28R	Naïve	2019-07-26	2oX42qP5ineK3hrhBECLmj
0lq7zwC6uQiu8pwW5FK3Fb	The Good Parts	2017-12-01	2oX42qP5ineK3hrhBECLmj
3aITAVBURujVe8fhI2seeR	Pluto x Baby Pluto (Deluxe)	2020-11-13	1RyvyyTE3xzB2ZywiAwp0i
48xpWR8K6CGpy3ETAym3pt	Pluto x Baby Pluto	2020-11-13	1RyvyyTE3xzB2ZywiAwp0i
4bNPOFOzxGhF5jhfIK6lit	High Off Life	2020-05-15	1RyvyyTE3xzB2ZywiAwp0i
3mH6qwIy9crq0I9YQbOuDf	Blonde	2016-08-20	2h93pZq0e7k5yf4dywlkpM
392p3shh2jkxUxY2VHvlH8	channel ORANGE	2012-07-10	2h93pZq0e7k5yf4dywlkpM
623Ef2ZEB3Njklix4PC0Rs	channel ORANGE (Explicit Version)	2012-07-10	2h93pZq0e7k5yf4dywlkpM
3vi20DRHkqv4HyVg9Rt9wC	Fuck The World	2020-02-07	3tlXnStJ1fFhdScmQeLpuG
5Bp1EX2ypdFnJ5IUyiRl8w	Sonder Son	2017-10-13	3tlXnStJ1fFhdScmQeLpuG
6dfdmMDGw988CzNEFdnIcY	Life Rolls On	2021-02-12	3b8QkneNDz4JHKKKlLgYZg
0aJHugDCe9xhy5kwqGsMh5	6-Pack	2021-01-15	3b8QkneNDz4JHKKKlLgYZg
3GV2TdiVjl8E5XXBEuiiyX	The Acoustic Sessions	2019-10-18	3b8QkneNDz4JHKKKlLgYZg
3mlM7EnbGFBqcYNZ32ULWh	Before the Beginning - 1968-1970 Rare Live & Demo Sessions (Remastered)	2019-11-15	08GQAI4eElDnROBrJRGE0X
06JqOkwwy91OxrApXclzYf	50 Years - Don't Stop	2018-11-16	08GQAI4eElDnROBrJRGE0X
0aZ2mtYjolBan3EzlxglVD	ライヴ・イン・コネチカット1975 (Live)	2018-10-24	08GQAI4eElDnROBrJRGE0X
6dMdadS6Ng71pD9As93ufx	Say You Will	2003-04-15	08GQAI4eElDnROBrJRGE0X
6YEnWIpSS19x0lKzJPi9Ej	Shrine '69	2000-04-28	08GQAI4eElDnROBrJRGE0X
4lsdX5CimNaabkZUxX6rx8	En Letra de Otro	2019-08-23	329e4yvIujISKGKz1BZZbO
1PgFsarDcIwCvLX32DpcxB	Gangalee	2019-04-26	329e4yvIujISKGKz1BZZbO
0v94MG5nbp4w6xdeFkfQrA	TrapXficante	2017-09-15	329e4yvIujISKGKz1BZZbO
33Yz6vjgvetL33JAMEnXBR	Imperio Nazza Farruko Edition	2017-02-21	329e4yvIujISKGKz1BZZbO
4ic94lYuJ37YBXfgsMDUWf	Farruko Presents Los Menores	2016-02-22	329e4yvIujISKGKz1BZZbO
7B9PpEnF7Y4AEAXdGCFuru	Lofi Hip Hop Music, Vol. 1	2019-08-09	1dABGukgZ8XKKOdd2rVSHM
2MlgtDuxXXz8c8Toc9kKTd	Believers Never Die (Volume Two)	2019-11-15	4UXqAaa6dQYAk18Lv7PEgX
16xtTZvPH6PXcwSqYqJHHG	MANIA	2018-01-19	4UXqAaa6dQYAk18Lv7PEgX
6oJ0SrvNRQMBgUAlJfoYa4	Make America Psycho Again	2015-10-30	4UXqAaa6dQYAk18Lv7PEgX
1FyNZvJ6MHO01kl3ySMPdc	Medicine At Midnight	2021-02-05	7jy3rLJdDQY21OgRLCZ9sD
4Sb67WEPsYgQxd7GItaAtI	Medicine At Midnight (Track Commentary)	2021-02-03	7jy3rLJdDQY21OgRLCZ9sD
6KMkuqIwKkwUhUYRPL6dUc	Concrete and Gold	2017-09-15	7jy3rLJdDQY21OgRLCZ9sD
2qwN15acAl3sm3Idce5vK9	Sonic Highways	2014-11-09	7jy3rLJdDQY21OgRLCZ9sD
5lnQLEUiVDkLbFJHXHQu9m	Wasting Light	2011-04-12	7jy3rLJdDQY21OgRLCZ9sD
3wHG2s2BpID4j4FMLgAldK	Reprise Rarities (Vol. 2)	2021-02-05	1Mxqyy3pSjf8kZZL4QVxS0
25MEuRQWO9X7LoFqvX1fHU	Reprise Rarities (Vol. 1)	2020-12-11	1Mxqyy3pSjf8kZZL4QVxS0
7d2rtsRYi8wv3nWDUZIqNZ	Let It Snow! Let It Snow! Let It Snow!	2020-12-04	1Mxqyy3pSjf8kZZL4QVxS0
1mgf88QHwFmAbkjoR4kt6q	ベスト・アーティスト・コレクション・フランク・シナトラ	2020-11-10	1Mxqyy3pSjf8kZZL4QVxS0
2NhDf7SiTn63n0RhiL9bF5	Simply ... Blue Eyes! (The 2020 Remasters)	2020-06-05	1Mxqyy3pSjf8kZZL4QVxS0
39xhYyNNDatQtgKw2KdXMz	THE GOAT	2020-05-15	6AgTAQt8XS6jRWi4sX7w49
26ztFK3E69j5THJQdyxC5w	Die A Legend	2019-06-07	6AgTAQt8XS6jRWi4sX7w49
13lMLnHs5qsmm687oRc3VC	Tickets To My Downfall (SOLD OUT Deluxe)	2020-09-29	6TIYQ3jFPwQSRmorSezPxX
57lgFncHBYu5E3igZnuCJK	Tickets To My Downfall	2020-09-25	6TIYQ3jFPwQSRmorSezPxX
0bJIHF1Or1YBLFBMwv53K2	Hotel Diablo	2019-07-05	6TIYQ3jFPwQSRmorSezPxX
05c49JgPmL4Uz2ZeqRx5SP	Chromatica	2020-05-29	1HY2Jd0NmPuamShAr6KMms
4sLtOBOzn4s3GDUv3c5oJD	A Star Is Born Soundtrack	2018-10-05	1HY2Jd0NmPuamShAr6KMms
3edjzMAVB9RYRd4UcZBchx	A Star Is Born Soundtrack (Without Dialogue)	2018-10-05	1HY2Jd0NmPuamShAr6KMms
2ZUwFxlWo0gwTsvZ6L4Meh	Joanne (Deluxe)	2016-10-21	1HY2Jd0NmPuamShAr6KMms
7Myw8J0byMIDilWT9vmZj5	So Icy Gang, Vol. 1	2020-10-16	13y7CgLHjMVRMDqxdx0Xdo
7hEgFnAICf8FqaERqmehOT	Gucci Mane Presents: So Icy Summer	2020-07-03	13y7CgLHjMVRMDqxdx0Xdo
5kc6aGbKHwyTJi69yLZOtZ	Beggin For A Body	2020-05-28	3pAtVSFUcp2b8gY93G0y6u
41Mzki3Yox73btDc51evLi	East Atlanta Santa 3	2019-12-20	13y7CgLHjMVRMDqxdx0Xdo
3BAxkLFCkJEme67Z0ztMz3	I'm Him	2019-10-03	1gPhS1zisyXr5dHTYZyiMe
0iU6k5p5NFNbAc1MOFMusJ	Luca Brasi 3	2018-09-28	1gPhS1zisyXr5dHTYZyiMe
3wcPvgkFRb42NQamzvzKz9	By Any Means 2	2017-09-22	1gPhS1zisyXr5dHTYZyiMe
3MH4gUVIghBW3W6Jr3aWh9	The Beautiful & Damned (Deluxe Edition)	2020-12-18	02kJSzxNuaWGqwubyUba0Z
5a4Yx5hc7VRHUBeNX56euP	When It's Dark Out (Deluxe Edition)	2020-12-11	02kJSzxNuaWGqwubyUba0Z
555CY37YtgVd2d102DxQqM	Everything's Strange Here	2020-07-08	02kJSzxNuaWGqwubyUba0Z
77Q0xwlCfFLhUNO1Sh8ORM	Scary Nights	2019-10-18	02kJSzxNuaWGqwubyUba0Z
5obQ9rPASQW2mLxYM8Ko6Z	Rare (Deluxe)	2020-04-09	0C8ZW7ezQVs4URX5aX7Kqx
3YPFaTR7WMi1Hd4NVKdCJx	Rare	2020-01-10	0C8ZW7ezQVs4URX5aX7Kqx
5ngFWcqWAIO19chggDAmbX	Revival	2015-10-09	0C8ZW7ezQVs4URX5aX7Kqx
6bKougqSCNbYUEx433cryC	Dreamland (+ Bonus Levels)	2020-08-11	4yvcSjfu4PC0CYQyLy4wSq
5bfpRtBW7RNRdsm3tRyl3R	Dreamland	2020-08-07	4yvcSjfu4PC0CYQyLy4wSq
6qb9MDR0lfsN9a2pw77uJy	How To Be A Human Being	2016-08-26	4yvcSjfu4PC0CYQyLy4wSq
0dd6bX3CRdybDCgltyoItP	ZABA (Deluxe)	2014-06-06	4yvcSjfu4PC0CYQyLy4wSq
1ysohK5wUmM4hDTvGUzR0Z	BADLANDS (Live From Webster Hall)	2020-08-28	26VFTg2z8YR0cCuwLzESi2
1hlapolkCnQLMgKcKNVCuc	Manic	2020-01-17	26VFTg2z8YR0cCuwLzESi2
7Iwr0S1ZsNr6k7o6pTFmMk	hopeless fountain kingdom	2017-06-02	26VFTg2z8YR0cCuwLzESi2
7GjG91tyHQNGEHzKJaqOi0	hopeless fountain kingdom (Deluxe)	2017-06-02	26VFTg2z8YR0cCuwLzESi2
7xV2TzoaVc0ycW7fwBwAml	Fine Line	2019-12-13	6KImCVD70vtIoJWnq6nGn3
1FZKIm3JVDCxTchXDo5jOV	Harry Styles	2017-05-12	6KImCVD70vtIoJWnq6nGn3
5g2INX6dnMIJG0xKygXwF3	Thats What They All Say	2020-12-11	2LIk90788K0zvyj2JJVwkJ
7AaqMMiYMvnMB3RcS8u3EY	Sweet Action	2020-03-13	2LIk90788K0zvyj2JJVwkJ
7xfcihbsBamUi6sezd0oOG	Confetti	2019-09-20	2LIk90788K0zvyj2JJVwkJ
0IMTA2Wz6p8CNZ0MDK2zvg	I Used To Know Her	2019-08-30	3Y7RZ31TRPVadSFVy1o8os
0pV0Mx07aMApIpF19oSQgY	H.E.R.	2017-10-20	3Y7RZ31TRPVadSFVy1o8os
3Bdtv2Y8lHrXOsboFA96hX	H.E.R. Volume 2	2017-06-16	3Y7RZ31TRPVadSFVy1o8os
6btE9k5ED8ydC8XY1K0kko	H.E.R. Volume 1	2016-09-09	3Y7RZ31TRPVadSFVy1o8os
2c7gFThUYyo2t6ogAgIYNw	Wasteland, Baby!	2019-03-01	2FXC3k01G6Gw61bmprjgqS
44zQnmrFcPCmPp6NLMfTuz	Hozier (Special Edition)	2014-11-06	2FXC3k01G6Gw61bmprjgqS
04E0aLUdCHnhnnYrDDvcHq	Hozier	2014-10-07	2FXC3k01G6Gw61bmprjgqS
4Pv7m8D82A1Xun7xNCKZjJ	Hozier (Expanded Edition)	2014-09-19	2FXC3k01G6Gw61bmprjgqS
2HaqChIDc5go3qxVunBDK0	Funk Wav Bounces Vol.1	2017-06-30	7CajNmpbOovFoOoasH2HaY
5oMRPoOe5sTMdsqYLGJCwf	Motion	2014-11-20	7CajNmpbOovFoOoasH2HaY
2hrxJFlQwvPj9dCatdtt8g	The Hamilton Instrumentals	2017-06-30	3UUJfRbrA2nTbcg4i0MOwu
43otFXrY0bgaq5fB3GrZj6	The Getaway	2016-06-17	0L8ExT028jH3ddEcZwqJJ5
5wZtSIvijWCMc1vlPFqAyB	I'm with You	2011-08-29	0L8ExT028jH3ddEcZwqJJ5
7xl50xr9NDkd3i2kBbzsNZ	Stadium Arcadium	2006-05-09	0L8ExT028jH3ddEcZwqJJ5
1jWKVgnHX8nwR551hQNx5K	By the Way	2002-07-09	0L8ExT028jH3ddEcZwqJJ5
6deiaArbeoqp1xPEGdEKp1	By the Way (Deluxe Edition)	2002-07-09	0L8ExT028jH3ddEcZwqJJ5
3M8ujVP1QVn6DT3fORDfbi	528 Hz Meditation Music	2020-10-23	4rXABp4A7KjG9elWFNAbO4
1L33gHLXabKvhcXOdPZ2zE	Solfeggio Frequencies - Loopable Tracks	2019-10-25	5R9eOlQf7HGzD6srMeJKio
0X24VcVf6nQJ52c5QmncsO	$ad Boyz 4 Life	2021-02-12	7Gi6gjaWy3DxyilpF1a8Is
2JC96lAWIMYId0no3JwmxI	Las 3 Torres	2020-12-18	0elWFr7TW8piilVRYJUe4P
0HANqWtJABVpAWVrQzE2XM	Cruisin' with Junior H	2020-09-02	7Gi6gjaWy3DxyilpF1a8Is
1wAx2wnAA7F1SRrznW2GcH	MUSICA <3	2020-09-02	7Gi6gjaWy3DxyilpF1a8Is
5q0D5AMiTxMKNN37ZKRWGo	Atrapado en un Sueño (Deluxe)	2020-06-26	7Gi6gjaWy3DxyilpF1a8Is
21rCymkjqfD8yeyeoPbJMS	B4 The Storm (Complete Edition)	2020-10-23	6MPCFvOQv5cIGfw3jODMF0
6U5j597olXfdjtd6wHd3Cu	B4 The Storm	2020-08-29	6MPCFvOQv5cIGfw3jODMF0
31qVWUdRrlb8thMvts0yYL	The Slow Rush	2020-02-14	5INjqkS1o8h1imAzPqGZBb
79dL7FLiJFOO0EoehUHQBv	Currents	2015-07-17	5INjqkS1o8h1imAzPqGZBb
44RrnCW7pMIEiiAR3LIAVL	Live Versions	2014-05-16	5INjqkS1o8h1imAzPqGZBb
2PYZRakUH5TdOHjGKqKtWv	Lonerism	2012-01-01	5INjqkS1o8h1imAzPqGZBb
54DU59anGQsdrFP7utpshG	i,i	2019-08-09	4LEiUm1SRbFMgfqnQTwUbQ
1PgfRdl3lPyACfUGH4pquG	22, A Million	2016-09-30	4LEiUm1SRbFMgfqnQTwUbQ
1JlvIsP2f6ckoa62aN7kLn	Bon Iver	2011-06-21	4LEiUm1SRbFMgfqnQTwUbQ
1r5JEclOv0s5S8GhFet0Wx	For Emma, Forever Ago	2008-05-12	4LEiUm1SRbFMgfqnQTwUbQ
6n9DKpOxwifT5hOXtgLZSL	Legends Never Die	2020-07-10	4MCBfE4596Uoi2O4DtmEMz
1GYVNOzwhx1nMcIJDogSNp	Death Race For Love	2019-03-08	4MCBfE4596Uoi2O4DtmEMz
6tkjU4Umpo79wwkgPMV3nZ	Goodbye & Good Riddance	2018-12-10	4MCBfE4596Uoi2O4DtmEMz
2mX8ktJoWvyidWBU9U8Jis	Colores	2020-03-19	1vyhD5VmyZ7KMfW5gqLgo5
5kprdYds6oZb4iSldfflOT	Vibras	2018-05-25	1vyhD5VmyZ7KMfW5gqLgo5
79447qgPdAlZVX0Xx4Fzfv	Energía Lado B	2017-10-06	1vyhD5VmyZ7KMfW5gqLgo5
0iNN3Cyh2n4DrBTICqyC2E	Energía	2016-09-26	1vyhD5VmyZ7KMfW5gqLgo5
5EzDhyNZuO7kuaABHwbBKX	Nectar	2020-09-25	3MZsBdqDrRTJihTHQrO6Dq
34GQP3dILpyCN018y2k61L	BALLADS 1	2018-10-26	3MZsBdqDrRTJihTHQrO6Dq
6ZksrxRWlJ7ExylPyJwfLJ	In Tongues (Deluxe)	2018-02-14	3MZsBdqDrRTJihTHQrO6Dq
2w78Cx36U8NynXOR6GFB03	Merry Christmas Lil Mama: The Gift That Keeps On Giving	2020-12-23	1anyVhU62p31KFi8MEzkbf
4rVYPWWJ4qcVplr8ZVv19E	Late Nights: Europe	2016-09-02	3KV3p5EY4AvKxOlhGHORLg
2f0DzdU6QbWtZqSlN7s1s5	9	2019-11-22	3FfvYsEGaIb52QPXhg4DcH
5irmzpXixcdNF2ZJjcrN0A	Rearview Town	2018-04-13	3FfvYsEGaIb52QPXhg4DcH
4zoJp3Lvtfx2BF3e1dC83K	They Don't Know	2016-10-07	3FfvYsEGaIb52QPXhg4DcH
7gDjowB5fv1LkntmDVv0jT	Famouz Reloaded	2020-01-24	0EFisYRi20PTADoJrifHrz
1V9QpD8kjA2iHCElhFGvlo	Famouz	2019-05-24	0EFisYRi20PTADoJrifHrz
32Nd9MCe8KrlwiwEWNG0ag	Eyez On Me	2018-05-18	0EFisYRi20PTADoJrifHrz
0FgZKfoU2Br5sHOfvZKTI9	JESUS IS KING	2019-10-25	5K4W6rqBFWDnAN6FQUkS6x
2Ek1q2haOnxVqhvVKqMvJe	ye	2018-06-01	5K4W6rqBFWDnAN6FQUkS6x
7gsWAHLeT0w7es6FofOXk1	The Life Of Pablo	2016-06-10	5K4W6rqBFWDnAN6FQUkS6x
6KT8x5oqZJl9CcnM66hddo	Free Spirit	2019-04-05	6LuN9FCkKOj5PcnpouEgny
4UNwL1B7JoymNUiTFJa52B	Suncity	2018-10-19	6LuN9FCkKOj5PcnpouEgny
3BAziuZC7JQ3gFC1yemPj9	American Teen (Japan Version)	2018-01-24	6LuN9FCkKOj5PcnpouEgny
6kf46HbnYCZzP6rjvQHYzg	American Teen	2017-04-27	6LuN9FCkKOj5PcnpouEgny
3YjfdLdpQcVI72uKhooZst	F*CK LOVE (SAVAGE)	2020-11-06	2tIP7SsRs7vjIcLrU85W8J
6RuwGwQcAureaOraKJNFQG	F*CK LOVE	2020-07-24	2tIP7SsRs7vjIcLrU85W8J
3pLdWdkj83EYfDN6H2N8MR	Black Panther The Album Music From And Inspired By	2018-02-09	2YZyLoL8N0Wb9xBt1NhZWg
4alcGHjstaALJHHiljfy3H	DAMN. COLLECTORS EDITION.	2017-12-08	2YZyLoL8N0Wb9xBt1NhZWg
7GmwwE2wcNtyq7nlsrYVuD	The Saga of Wiz Khalifa (Deluxe)	2020-10-02	137W8MRPWKqSmrBGDBFSop
1d0b8HYGGtpsvlAzLR9puz	The Saga of Wiz Khalifa	2020-04-20	137W8MRPWKqSmrBGDBFSop
2bwyHN2Y9iljWbUZYPXMrC	Fly Times Vol. 1: The Good Fly Young	2019-04-20	137W8MRPWKqSmrBGDBFSop
051k93izd0reEjp85OgEo6	Bill Israel	2020-11-11	46SHBwWsqBkxI7EeeBEQG7
5n1GSzC1Reao29ScnpLYqp	Dying to Live	2018-12-14	46SHBwWsqBkxI7EeeBEQG7
0U578dQAanKmYDKCvqk2P3	Heart Break Kodak (HBK)	2018-02-14	46SHBwWsqBkxI7EeeBEQG7
0fEO7g2c5onkaXsybEtuD2	Eternal Atake (Deluxe) - LUV vs. The World 2	2020-03-13	4O15NlyKLIASxsJ0PrXPfz
3PGFdp8MUJ25eJjUl0O58X	HELLBOY	2020-09-25	2kCcBybjl3SAtIcwdWpUe3
6ay4qFjg5VgZFqJmiGcIIm	crybaby	2020-06-10	2kCcBybjl3SAtIcwdWpUe3
1r1Xt6oUnY3VMYbQb1U7CO	EVERYBODY'S EVERYTHING	2019-11-15	2kCcBybjl3SAtIcwdWpUe3
52JymrguPgkmmwLaWIusst	Come Over When You're Sober, Pt. 2	2018-11-09	2kCcBybjl3SAtIcwdWpUe3
33TJ52PuwenGmysJrwMGCe	Come Over When You're Sober, Pt. 1	2017-08-15	2kCcBybjl3SAtIcwdWpUe3
26d9EFfi2YSvhQv7KKcrNw	State of Emergency	2020-05-08	6jGMq4yGs7aQzuGsMgVgZR
1bCBZ8LedqwVYOLDLrRbbY	True 2 Myself	2019-10-11	6jGMq4yGs7aQzuGsMgVgZR
7piqXIg89Lj9rHrfME4cC5	Loner	2020-12-22	2jku7tDXc6XoB6MO2hFuqg
1fSr7CMs4ewhuylB6NZCPo	DAYSTAR	2020-09-25	2jku7tDXc6XoB6MO2hFuqg
2TbrXjwWklhT7JrC5sdUkf	The New Toronto 3	2020-04-10	2jku7tDXc6XoB6MO2hFuqg
6LBPsXUjVuNe9ywLY4xgvX	Dangerous: The Double Album (Bonus)	2021-01-29	4oUHIQIBe0LHzYfvXNW4QM
6JlCkqkqobGirPsaleJpFr	Dangerous: The Double Album	2021-01-08	4oUHIQIBe0LHzYfvXNW4QM
1IR2nlwX6YVTXXeu2qzoWO	If I Know Me	2018-04-27	4oUHIQIBe0LHzYfvXNW4QM
4g1ZRSobMefqF6nelkgibi	Hollywood's Bleeding	2019-09-06	246dkjvS1zLTtiykXe5h60
6trNtQUgC8cgbWcqoMYkOR	beerbongs & bentleys	2018-04-27	246dkjvS1zLTtiykXe5h60
5s0rmjP8XOPhP6HhqOhuyC	Stoney (Deluxe)	2016-12-09	246dkjvS1zLTtiykXe5h60
6zA5X3CQ5rgLKhTobyV5Id	Queen (Deluxe)	2018-11-29	0hCNtLu0JehylgoiP8L4Gh
4Rh57STD18rbjXbBrx2X65	Queen	2018-08-10	0hCNtLu0JehylgoiP8L4Gh
0KjckH1EE6HRRurMIXSc0r	Good News	2020-11-20	181bsRPaVXVlUKXrxwZfHK
6cpPIYoXlLHhCXHvbKUaEo	Suga (Chopnotslop Remix)	2020-04-27	181bsRPaVXVlUKXrxwZfHK
6Lo6ylJg4qbFfxicPEOzMI	Suga	2020-03-06	181bsRPaVXVlUKXrxwZfHK
662MMKEWOxGXbPXQIcgBlW	Joytime III	2019-07-03	64KEffDW9EtZ1y2vBYgq8T
0xi4cOWPUHjctyYU8ypCOB	Joytime II	2018-06-22	64KEffDW9EtZ1y2vBYgq8T
6opKASPALOkPwCfHvqIS9H	Joytime	2016-01-08	64KEffDW9EtZ1y2vBYgq8T
263anqt2ayA25jSEXfs0i1	SAVAGE MODE II [CHOPPED NOT SLOPPED]	2020-10-19	1URnnhqYAYcrqrcwql10ft
6wTyGUWGCilBFZ837k5aRi	SAVAGE MODE II	2020-10-02	1URnnhqYAYcrqrcwql10ft
3IO8IPjwXuzPJnoaqkwYrj	NOT ALL HEROES WEAR CAPES (Deluxe)	2018-11-06	0iEtIxbK0KxaSlF7G42ZOp
5BRhg6NSEZOj0BR6Iz56fR	Plastic Hearts	2020-11-27	5YGY8feqx7naU7z4HrwZM6
5xG9gJcs9ut3qDWezHUlsX	Younger Now	2017-09-29	5YGY8feqx7naU7z4HrwZM6
6cfcdjtSR9ARnpnpwtEGaS	Miley Cyrus & Her Dead Petz	2015-08-30	5YGY8feqx7naU7z4HrwZM6
3RDqXDc1bAETps54MSSOW0	Bangerz (Deluxe Version)	2013-10-04	5YGY8feqx7naU7z4HrwZM6
2sDPTkswUWDLtZYiOzubTe	Wonder (Deluxe)	2020-12-07	7n2wHs1TKAczGzO7Dd2rGr
01haNCctw4EUPl8xUHVhdl	Wonder (Holiday Deluxe)	2020-12-05	7n2wHs1TKAczGzO7Dd2rGr
3Lp4JKk2ZgNkybMRS3eZR5	Wonder	2020-12-04	7n2wHs1TKAczGzO7Dd2rGr
0xzScN8P3hQAz3BT3YYX5w	Shawn Mendes (Deluxe)	2019-06-19	7n2wHs1TKAczGzO7Dd2rGr
2VP96XdMOKTXefI8Nui23s	Shawn Mendes	2018-05-25	7n2wHs1TKAczGzO7Dd2rGr
3dM5WCvdXdNqLE14d16GmJ	Easy Money Baby	2020-01-24	7iK8PXO48WeuP03g8YR51W
2T2E0jmiYGfaHmjlNmMCys	El Final del Principio	2016-03-14	7iK8PXO48WeuP03g8YR51W
5rWTCXmYHC6Zr8uZAGF9Cg	Emergency Tsunami (Bonus Version)	2020-11-11	7rkW85dBwwrJtlHRDkJDAC
1tihFpzHHM9mDSoFbhMoZL	Emergency Tsunami	2020-11-06	7rkW85dBwwrJtlHRDkJDAC
4fiazYNzpKxMGq5Z47M8Bd	Good Intentions (Brown Boy 2 Deluxe Version)	2020-05-11	7rkW85dBwwrJtlHRDkJDAC
46xdC4Qcvscfs3Ai2RIHcv	The Search	2019-07-26	6fOMl44jA4Sp5b9PpYCkzz
1KOmHyNLuOe5YrPhD3Juuf	Perception	2017-10-06	6fOMl44jA4Sp5b9PpYCkzz
75fT8UQEDnekHNhRnbdpNI	Therapy Session	2016-04-22	6fOMl44jA4Sp5b9PpYCkzz
3Qq4kVfHPrs8xPKIYKmctl	Mansion	2015-03-31	6fOMl44jA4Sp5b9PpYCkzz
2JyArayVlT6t3MVWLLdSwZ	Chip Chrome & The Mono-Tones (Deluxe)	2020-12-11	77SW9BnxLY8rJ0RciFqkHh
4uNgt1uQs6wZRm4giB3shX	Chip Chrome & The Mono-Tones	2020-09-25	77SW9BnxLY8rJ0RciFqkHh
0ODLCdHBFVvKwJGeSfd1jy	Hard To Imagine The Neighbourhood Ever Changing	2018-11-02	77SW9BnxLY8rJ0RciFqkHh
18iFxjZugvKhuNNMbLjZJF	Wiped Out!	2015-10-30	77SW9BnxLY8rJ0RciFqkHh
2mKqHATk7WVbtazVkSe9w0	#000000 & #FFFFFF	2014-11-28	77SW9BnxLY8rJ0RciFqkHh
69iuPQsXel3luOSDNF0q2Q	ENOC	2020-09-04	1i8SpTcr7yvPOmcqrbnVXY
7f6r6ijWtMJ0QYydwuCYvH	Nibiru	2019-11-29	1i8SpTcr7yvPOmcqrbnVXY
0SukGZiXMtmsZoxstkBtNR	Aura	2018-08-24	1i8SpTcr7yvPOmcqrbnVXY
4s05NbwGgw5SO42AdsN5Oo	Odisea	2017-08-25	1i8SpTcr7yvPOmcqrbnVXY
6bPpXqJRpjwy0hLyUGtzYc	FATHER OF 4	2019-02-22	4DdkRBBYG6Yk9Ka8tdJ9BW
0MV1yCXcNNQBfwApqAVkH0	Without Warning	2017-10-30	1URnnhqYAYcrqrcwql10ft
2MDU46hcBn3u94s46BOSdv	Shoot For The Stars Aim For The Moon (Deluxe)	2020-07-20	0eDvMgVFoNV3TpwtrVCoTj
7e7t0MCrNDcJZsPwUKjmOc	Shoot For The Stars Aim For The Moon	2020-07-03	0eDvMgVFoNV3TpwtrVCoTj
4X4jcc1j6VsNb654jkH6Pg	Meet The Woo 2 (Deluxe)	2020-05-29	0eDvMgVFoNV3TpwtrVCoTj
2QRedhP5RmKJiJ1i8VgDGR	Whole Lotta Red	2020-12-25	699OTQXzgjhIYAHMy9RyPD
7dAm8ShwJLFm9SaJ6Yc58O	Die Lit	2018-05-11	699OTQXzgjhIYAHMy9RyPD
4rJgzzfFHAVFhCSt2P4I3j	Playboi Carti	2017-04-14	699OTQXzgjhIYAHMy9RyPD
5oMLrgmPNs35zhR38X6ET4	In Abundance	2016-09-30	699OTQXzgjhIYAHMy9RyPD
47zMF6LrXQ8odi6Xv1unC0	Smile	2020-08-28	6jJ0s89eD6GaHleKKya26X
3vrt1WUSbgbl6agjwtdScv	Witness (Deluxe)	2017-06-09	6jJ0s89eD6GaHleKKya26X
5MQBzs5YlZlE28mD9yUItn	PRISM (Deluxe)	2013-10-18	6jJ0s89eD6GaHleKKya26X
28DUZ0itKISf2sr6hlseMy	Hybrid Theory (20th Anniversary Edition)	2020-10-09	6XyY86QOPPrYVGvF9ch6wz
0zcNtUZ2oEpRmiDuWBFvcX	One More Light Live	2017-12-15	6XyY86QOPPrYVGvF9ch6wz
5Eevxp2BCbWq25ZdiXRwYd	One More Light	2017-05-19	6XyY86QOPPrYVGvF9ch6wz
6hU9JCoqq4GjYq86dQ1o9b	The Hunting Party: Acapellas + Instrumentals	2014-06-16	6XyY86QOPPrYVGvF9ch6wz
2UwJ4Nt10VStLczYefhcEV	Shiesty Season	2021-02-05	5F1aAS1duwlzExnPs3l2Xe
3CPGfq4GT326ZiecqegH2t	PARTYPACK	2020-10-16	2HPaUgqeutzr3jx5a9WyDV
2T8UlI17u5hwTqu6zkpkW7	PARTYMOBILE	2020-03-27	2HPaUgqeutzr3jx5a9WyDV
2epjwjOMvx6HE9EciJqDue	Seven Days	2017-09-29	2HPaUgqeutzr3jx5a9WyDV
01wNAJemmGxxn5gmIhJ3GQ	The Lost Remixes	2020-12-04	3aQeKQSyrW4qWr35idm0cy
0S4fSauHEZcUAtKI8ss0Hb	1UP	2019-02-27	3aQeKQSyrW4qWr35idm0cy
1ShbHuoHgmCTuS9i4UUiTB	Everything Must Go, Vol. 2	2018-10-09	3aQeKQSyrW4qWr35idm0cy
7IqCe0MDZvFlv2jwLJkyov	Everything Must Go, Vol. 1	2018-08-17	3aQeKQSyrW4qWr35idm0cy
2DjfazR5N3TgXBQ7oVALA1	QUAVO HUNCHO	2018-10-12	0VRj0yCOv2FXJNP47XQnx5
6FED8aeieEnUWwQqAO9zT1	Huncho Jack, Jack Huncho	2017-12-21	6extd4B6hl8VTmnlhpl2bY
3YGBHF0AsDN2VHICXQj8pH	Quality Control Music	2017-11-10	0VRj0yCOv2FXJNP47XQnx5
2a6y0iANWmfh1nhaq4X09J	ATL	2017-06-23	0VRj0yCOv2FXJNP47XQnx5
7zhwCAUQETk5MXUJBYqc0C	Live Around the World (Deluxe)	2020-10-02	1dfeR4HaWDbWqFHLkxsg1d
4UAsVsprIJu1OU9qkLwTMe	Live Around The World (Deluxe)	2020-10-02	1dfeR4HaWDbWqFHLkxsg1d
0MrF6R3USaeagkYKi1RrJ0	Live At Fire Fight Australia	2020-10-01	1dfeR4HaWDbWqFHLkxsg1d
6i6folBtxKV28WX3msQ4FE	Bohemian Rhapsody (The Original Soundtrack)	2018-10-19	1dfeR4HaWDbWqFHLkxsg1d
1dVw3jSdgZp7PfGhCEo32t	A Letter To My Younger Self	2020-07-10	3ApUX1o6oSz321MMECyIYd
7zGPSFi3LOIC1L5Dj0oEBx	From Michigan With Love	2019-02-15	3ApUX1o6oSz321MMECyIYd
30v79AzKU1U5Rc7pwmzbkk	The Story of Us (Deluxe)	2018-02-16	3ApUX1o6oSz321MMECyIYd
7j7cqgeWmYH9PbKe3S5oJj	The Story of Us	2017-09-15	3ApUX1o6oSz321MMECyIYd
3UTp6spxkyTdvsmJDPfb7n	CrasH Talk	2019-04-26	5IcR3N7QB1j6KBL8eImZ8m
0YbpATCIng8Fz2JrfHmEf7	Blank Face LP	2016-07-08	5IcR3N7QB1j6KBL8eImZ8m
1hI5GG5ohUzIINay1D0OjY	Schoolboy Q 2	2015-04-06	5IcR3N7QB1j6KBL8eImZ8m
1OOSq9FkFZ7GcIpaJr9dYL	Realidad	2019-05-31	14zUHaJZo1mnYtn6IBRaRP
75fh1igZrAiPEeGd69Jhnq	Realidad (Commentary)	2019-05-30	14zUHaJZo1mnYtn6IBRaRP
0vBFa64sBqdd26KKIj4SKZ	La Promesa	2017-03-10	14zUHaJZo1mnYtn6IBRaRP
2EvjAC9MHVgWBnpdXYuLN5	Imperio Nazza: Justin Quiles Edition	2016-01-22	14zUHaJZo1mnYtn6IBRaRP
1JA7VXtkAtWZNqHXskg68I	Carpe Diem	2015-03-09	14zUHaJZo1mnYtn6IBRaRP
13eug3qR1fU1SvHs6w9Wxj	Quality Control: Control The Streets Volume 2	2019-09-20	6i392l38cR3uBPF0DbNs7S
07Jvk8tGuaMhR4H72znlLJ	Quality Control: Control The Streets Volume 1	2017-12-08	6i392l38cR3uBPF0DbNs7S
6Y1qMU0XXnnAcBGlAGuOPJ	VSQ Performs the Hits of 2020, Vol. 2	2020-12-04	6MERXsiRbur2oJZFgYRDKz
0F5JNuFJ9AcZnKdNRjWFeN	VSQ Performs the Hits of 2020	2020-08-21	6MERXsiRbur2oJZFgYRDKz
3HuXseIKWFC5Pwg0oMuNFT	VSQ Performs Lana Del Rey	2020-04-24	6MERXsiRbur2oJZFgYRDKz
2ZCnNqYX39bthmtd2I9IKB	VSQ Performs the Hits of 2019, Vol. 2	2020-02-14	6MERXsiRbur2oJZFgYRDKz
56EI9Mhw87g3NADBYQNQac	Vitamin String Quartet Performs the Hits of 2019	2019-08-16	6MERXsiRbur2oJZFgYRDKz
6YvD1x3ek7f4w4TsXbPxfc	Diary of a Lost Child	2020-08-26	4IprNlQiJZUUJhDl0fL2SL
1MDud03tF3SowYAYCM3qIj	QPac	2020-01-10	4IprNlQiJZUUJhDl0fL2SL
2s19QcF1PIILzRfS6Jjni3	From the Neighborhood to the Stage	2019-05-10	4IprNlQiJZUUJhDl0fL2SL
4vIKuMcGxldTXjswEuNs7u	missunderstood	2020-10-30	3nViOFa3kZW8OMSNOzwr98
58VOhaRPfpujq29rofnVjy	missunderstood:The Diaries	2020-10-28	3nViOFa3kZW8OMSNOzwr98
5IwKLJtOvYIc6wPxHXdKDd	Coma	2019-12-13	5lHRUCqkQZCIWeX7xG4sYT
1c33wOe4wRh9b6BSr2PnjM	The Gif	2019-06-27	5lHRUCqkQZCIWeX7xG4sYT
5vW8xhq1cIBvC8IXOfPss7	Rich As In Spirit	2018-03-16	5lHRUCqkQZCIWeX7xG4sYT
26m0mm2zQH59wSiF8oL4qM	Pegasus (Spooky Sounds Edition)	2020-10-31	6Xgp2XMz1fhVYe7i6yNAax
2vMi9So8GxXiqaT2zJXbQG	Pegasus	2020-10-30	6Xgp2XMz1fhVYe7i6yNAax
5Hsaxc6a2GWPAqXttPFbY0	A Love Letter To You 4 (Deluxe)	2020-02-21	6Xgp2XMz1fhVYe7i6yNAax
0tKX7BLXiiRgXUKYdJzjEz	A Love Letter To You 4	2019-11-22	6Xgp2XMz1fhVYe7i6yNAax
52u4anZbHd6UInnmHRFzba	Please Excuse Me For Being Antisocial	2019-12-06	757aE44tKEUQEqRuT6GnEB
1jlIU9p7PChTK3AeqNpnsX	Feed Tha Streets II	2018-11-02	757aE44tKEUQEqRuT6GnEB
4UlGauD7ROb3YbVOFMgW5u	ANTI (Deluxe)	2016-01-28	5pKCCKE2ajJHZ9KAiaK11H
48i37aZTC1prDr4EcpQeEa	ANTI	2016-01-28	5pKCCKE2ajJHZ9KAiaK11H
7yjQZX94GxVyqDTehxBejk	Unapologetic (Deluxe Version)	2013-01-01	5pKCCKE2ajJHZ9KAiaK11H
6AORtDjduMM3bupSWzbTSG	evermore (deluxe version)	2021-01-07	06HL4z0CvFAxyc27GXpf02
40zKHK0aGM4PITqPy5vfQh	evermore	2020-12-11	06HL4z0CvFAxyc27GXpf02
1Sf8GsXG32t0jNrX11xqWx	JACKBOYS	2019-12-27	7A8S43ryYdbWpJKeHRZRcq
41GuZcammIkupMPKH2OJ6I	ASTROWORLD	2018-08-03	0Y5tJX1MQlPlqiwlOH1tJY
42WVQWuf1teDysXiOupIZt	Birds In The Trap Sing McKnight	2016-09-16	0Y5tJX1MQlPlqiwlOH1tJY
6guJZpZ52v4MrJKIH7tASl	i am > i was (Deluxe)	2018-12-24	1URnnhqYAYcrqrcwql10ft
007DWn799UWvfY1wwZeENR	i am > i was	2018-12-21	1URnnhqYAYcrqrcwql10ft
76290XdXVF9rPzGdNRWdCh	Ctrl	2017-06-09	7tYKF4w9nC0nq9CsPZTHyP
5L5evi5tJPh8WaEFAQp7Tp	The Highlights	2021-02-05	1Xyo4u8uXC1ZmMpatF05PJ
6YlDIxqEjvY63ffH6AwCjd	After Hours (Deluxe)	2020-04-03	1Xyo4u8uXC1ZmMpatF05PJ
4yP0hdKOZPNshxUOjY0cZj	After Hours	2020-03-20	1Xyo4u8uXC1ZmMpatF05PJ
24jAbLMFzCTlIv3kQ94HwK	So Much Fun (Deluxe)	2019-12-20	50co4Is1HCEo8bhOyUWKpn
1bnHPO4dKK7IjvgrtVBcQh	So Much Fun	2019-08-16	50co4Is1HCEo8bhOyUWKpn
5nVckJqpmxUS7lJ5TqMxjN	Всё сначала	2009-03-19	2Sf2VjK8vpOU9i9VfshmO7
3Js8stnVtdNbHeTWAYJb5e	Посмотри, как я живу	2005-02-10	2Sf2VjK8vpOU9i9VfshmO7
2g7ZXT1Sn6eH0hHOYnsDro	Я привык бродить один	2005-02-10	2Sf2VjK8vpOU9i9VfshmO7
3BwufdHG99tUulmq7EJ4bY	Kontsertnye zapisi iz arkhiva (Live)	2005-01-01	2Sf2VjK8vpOU9i9VfshmO7
132TbhjT2OJtCxVpmIKT68	Kontsert vo MKhATe (Live)	2004-01-01	2Sf2VjK8vpOU9i9VfshmO7
7rKmLxCFlmtIxGpX4HYgs4	Stop Staring at the Shadows	2020-02-14	1VPmR4DJC1PlOtd0IADAO0
2ivOxIKDHxEo6WMD9m3ytn	I Want to Die In New Orleans	2018-09-07	1VPmR4DJC1PlOtd0IADAO0
2hAoB9uIsHVFABuuOREFmB	Eternal Grey	2016-09-11	1VPmR4DJC1PlOtd0IADAO0
1aVnxqszPG45yn2nFsVQRS	Grey Sheep II	2016-05-25	1VPmR4DJC1PlOtd0IADAO0
3blujlZ2W1BZAM9KcHrbP8	Dark Side of the Clouds	2016-02-03	1VPmR4DJC1PlOtd0IADAO0
7JZi4kTfYCJcqOzVbKAYh5	"""A"""	2018-10-12	23zg3TcAtWQy7J6upgbUnj
4HAuPn3A4uu9n7RYNk1dOz	Hard II Love	2016-09-16	23zg3TcAtWQy7J6upgbUnj
7eyuQZCLG5tdjWpKZbDE8g	Looking 4 Myself (Expanded Edition)	2012-06-12	23zg3TcAtWQy7J6upgbUnj
6bnDvfVdO3LarvcpWEzmeD	Versus	2010-08-24	23zg3TcAtWQy7J6upgbUnj
00wSTrFxoSzA7eeS1UxHgd	Sin Miedo (del Amor y Otros Demonios) ∞	2020-12-04	1U1el3k54VvEUzo3ybLPlM
4EPQtdq6vvwxuYeQTrwDVY	Isolation	2018-04-06	1U1el3k54VvEUzo3ybLPlM
6f5gAJpM85TE6aQ81h46T5	Por Vida	2015-02-04	1U1el3k54VvEUzo3ybLPlM
74krWdYGCfCa4yeoUj6Sgr	Hideas: The Album	2021-01-21	2pSObt5Fk8izuX8ZfI3jRn
7mFiNeWbo3Cz01uHw2hfaZ	Everlasting Country	2020-04-20	2pSObt5Fk8izuX8ZfI3jRn
57gyGbSc2qi3AAkU96enfn	Hooligan	2019-11-25	2pSObt5Fk8izuX8ZfI3jRn
0ZzfgzLIpiIPOpVopokjPg	Parachute	2019-09-24	2pSObt5Fk8izuX8ZfI3jRn
0DHBUVA3ipqDJD3Iv9cgN7	Creeker 2	2019-04-20	2pSObt5Fk8izuX8ZfI3jRn
1wI9NGtQCnhyweuVACpXW4	My Gift	2020-09-25	4xFUf1FHVy696Q1JQZMTRj
6LURWtPusB5fGenqj0lbFd	Cry Pretty	2018-09-14	4xFUf1FHVy696Q1JQZMTRj
3Zuipf1PBcdnfKFyj6asOo	Storyteller	2016-10-14	4xFUf1FHVy696Q1JQZMTRj
4F3rUFQcKJm6b1BsJRwAbf	THE SPEED OF NOW Part 1	2020-09-18	0u2FHSq3ln94y5Q57xazwf
52aaxT2Se2oUyijUbWwp3Z	Graffiti U	2018-04-27	0u2FHSq3ln94y5Q57xazwf
4GsvtpiQYDo6dYuFIgM4wT	Ripcord	2016-12-16	0u2FHSq3ln94y5Q57xazwf
4G0Sc7oeBh0AbSMvrKtscr	New Empire, Vol. 2	2020-12-04	0CEFCo8288kQU7mJi25s6E
2vfJq1u1fi60RaX0p4niHr	New Empire, Vol. 1	2020-02-14	0CEFCo8288kQU7mJi25s6E
56CWTHCr8ZBZ1ojmppH5br	Five	2017-10-27	0CEFCo8288kQU7mJi25s6E
6GKpINyYmLRPjGnpzo8LIS	All That You Can’t Leave Behind (20th Anniversary Edition / Super Deluxe / Remastered 2020)	2020-10-30	51Blml2LZPmy7TTiAg47vQ
3TbG4ZvwHmzkU9JGltkxnf	Songs Of Experience (Deluxe Edition)	2017-12-01	51Blml2LZPmy7TTiAg47vQ
45Ec0wYJ7npo6lXH4GWmxz	Songs Of Innocence	2014-01-01	51Blml2LZPmy7TTiAg47vQ
3ZfevAcvDGjWWUid7M2omS	The People Tour: Live From Madison Square Garden	2021-01-29	74cb3MG0x0BOnYNW1uXYnM
2KAJsrTtWloQtFaStadvbB	The People Tour: Live from Madison Square Garden	2021-01-29	74cb3MG0x0BOnYNW1uXYnM
6Ek7aLgG88iYlJLKLvFdPT	People (Live)	2020-05-01	74cb3MG0x0BOnYNW1uXYnM
7gGJ9rNtigRF53dsFo48Wp	Welcome to O'Block	2020-10-30	6QtgPSJPSzcnn7dPZ4VINp
1ZRAeQ6zsPJ5W1K3DvpRpP	Levon James	2020-03-06	6QtgPSJPSzcnn7dPZ4VINp
5BAggP8hO7VWDSTKkNGyCi	Grandson, Vol. 1	2019-09-20	6QtgPSJPSzcnn7dPZ4VINp
4qSRxDFJlvi8z83JbogGaL	Carnival	2019-07-26	1ShZZUjkbXCjhwrb18BA8I
40pHbXUCWU7zjFqzD43NPG	Lazy Fair	2016-01-22	1ShZZUjkbXCjhwrb18BA8I
7gdFQXiDhkjc6FHP9pjaCm	ライヴ・イン・カリフォルニア1992 (Live) [Remastered]	2017-07-14	2cnMpRsOVqtPMfq7YiFE6K
1y4BZLtyURo81rC6yGLRAu	Tokyo Dome in Concert	2015-03-27	2cnMpRsOVqtPMfq7YiFE6K
5ydOKnIrXsv7AziaSpRzZU	A Different Kind Of Truth	2012-02-07	2cnMpRsOVqtPMfq7YiFE6K
2wqTlagAdAEh89tMuToml0	Van Halen III	1998-03-17	2cnMpRsOVqtPMfq7YiFE6K
1ExY7w26AvftK7hvN6hPpV	ライヴ・イン・ニューヨーク1978 (Live)	2020-06-11	44NX2ffIYHr6D4n7RaZF7A
2QKApkLOt4q6RvlYLCcgoj	Three Chords And The Truth (Expanded Edition) [Deluxe]	2019-11-29	44NX2ffIYHr6D4n7RaZF7A
1tjlXYBSBB2YGvvz7ORoAY	Three Chords And The Truth	2019-10-25	44NX2ffIYHr6D4n7RaZF7A
2CEyisD97usC5nVY8yW16p	The Prophet Speaks	2018-12-07	44NX2ffIYHr6D4n7RaZF7A
2IeJQjP8XhVszce2kcO2j8	You're Driving Me Crazy	2018-04-27	44NX2ffIYHr6D4n7RaZF7A
3hn46RDrEmoi4XhLjgdNjZ	Bad Vibes Forever	2019-12-06	15UsOTVnJzReFVN1VCnxy4
2c6s84YTwR9cfncPmB9fNW	? (Deluxe)	2019-09-06	15UsOTVnJzReFVN1VCnxy4
4EeDFhIVRxOg4dx7ozSNXa	XXXTENTACION Presents: Members Only, Vol. 4	2019-01-23	15UsOTVnJzReFVN1VCnxy4
1qsQOC4Jn0fnaUZLAbs4dz	SKINS	2018-12-07	15UsOTVnJzReFVN1VCnxy4
5YF8ms264wRnswVK1YMYmu	ORION	2019-06-14	3NPpFNZtSTHheNBaWC82rB
07MhkuCXC6XBQTDpXPRyBI	VHS 2.0	2016-06-10	3NPpFNZtSTHheNBaWC82rB
5MEgrjkStq0JsQGO64Xvlq	VHS	2015-06-30	3NPpFNZtSTHheNBaWC82rB
2HIaUwS0PTUeqFFYHBBGAN	Ungodly Hour	2020-06-12	0AsThoR4KZSVktALiNcQwW
26mqgId4rrypPiYnN9tXuX	The Kids Are Alright	2018-03-23	0AsThoR4KZSVktALiNcQwW
1DAqdWXIZ2Cz16Kce8KWuW	The Kids Are Alright (Track by Track Commentary)	2018-03-16	0AsThoR4KZSVktALiNcQwW
7L72ZmCM1yipucMF0oMEo1	The Two of Us	2017-06-02	0AsThoR4KZSVktALiNcQwW
6lNj7Qeyd2x48m0NX3w2Sf	STILL DREAMING	2021-01-19	0ghlgldX5Dd6720Q3qFyQB
5g58Gtd4i0KtJxNeC56Mus	The Dream Chapter: MAGIC	2019-10-21	0ghlgldX5Dd6720Q3qFyQB
0XbWSuZtb7x7GVmAb4y6vj	RUDE DOG	2020-12-25	3uo0ix4Y67XHVWBhXXIY1S
0RPnlo22nYrTrFBNa0UcUv	Rude Dog	2020-12-25	3uo0ix4Y67XHVWBhXXIY1S
7zLrAXhMrzAwn9GOI7keDP	Bennington Forest	2020-03-23	3uo0ix4Y67XHVWBhXXIY1S
54MmbPlszCJ1sJKPQgXL4t	BRACE	2020-03-02	3uo0ix4Y67XHVWBhXXIY1S
5OEoU8caLGSPsLPGomY3PH	East Memphis Maniac	2018-07-26	3uo0ix4Y67XHVWBhXXIY1S
3x2BuKhzRIRjU4jm1WxFo3	Fatal Love	2020-11-02	4TnGh5PKbSjpYqpIdlW5nz
44BCatQBdneFkyzOVrR0M4	FANTASIA X	2020-05-26	4TnGh5PKbSjpYqpIdlW5nz
064rnjNzpvTNDPGOmhFoyI	ALL ABOUT LUV (Extended Version)	2020-02-14	4TnGh5PKbSjpYqpIdlW5nz
2O5KXxROQOR8WOdB8fgTCp	ALL ABOUT LUV	2020-02-13	4TnGh5PKbSjpYqpIdlW5nz
3s5WpeDw4JOec54wEgmJBy	FOLLOW - FIND YOU	2019-10-28	4TnGh5PKbSjpYqpIdlW5nz
2wmmYoAC48iNSTdU5Iwg6H	TOTAL XANARCHY	2018-04-06	3EXdLajEO02ziZ90P90bSW
2crp4uVvTXxGud4aUW6Lan	Why	2020-12-01	5bCwYvvFvWOEXtO9W7p0Iv
2XnaOt0UUaCwPd3L2HNnbo	Broken Kids Club	2019-06-19	5bCwYvvFvWOEXtO9W7p0Iv
1ApKSqL9HrJqgiHMF987DO	Hell Bent	2018-05-18	5bCwYvvFvWOEXtO9W7p0Iv
0m57SK2fX6l1F2bDhddjLe	Voltage	2017-10-06	5bCwYvvFvWOEXtO9W7p0Iv
0Wmnkh4lzGy5rgkUPOjYbg	Delta	2018-11-16	3gd8FJtBJtkRxdfbTu19U2
7LMz6ALQP2Jn9FdZmeeuiQ	Wilder Mind	2015-05-04	3gd8FJtBJtkRxdfbTu19U2
09jvKfjn3Ny9yqhxrQAGd3	Ain't Gone Do It / Terms and Conditions	2020-12-18	4sb7rZNN93BSS6Gqgepo4v
5EK2Kc4pKtcVGUM4Dvz2PQ	Practice Makes Paper	2019-07-26	3crnzLy8R4lVwaigKEOz7V
3kphfSfvomtiKokeBzDtz9	Return to Paradise (Live 1979)	2020-08-03	77tT1kLj6mCWtFNqiOmP9H
1XiRBoWpYAPAGGJpYa33Wm	Fall in Philadelphia: The Definitive Demos 1968-71	2020-07-31	77tT1kLj6mCWtFNqiOmP9H
5WFFPySID0bNJVZC8tv75G	Eternity In The City (Chicago '78 WXRT Broadcast Remastered)	2020-07-21	77tT1kLj6mCWtFNqiOmP9H
48MYWNCk4H8ZzZ1uJk9Ctf	Past Times Behind	2020-05-01	77tT1kLj6mCWtFNqiOmP9H
6fnuCgo1jIvex8CUJ09pcr	Home for Christmas	2019-11-12	77tT1kLj6mCWtFNqiOmP9H
4zbMionGv9W33xjQfoMyuo	"Los Campeones del Pueblo ""The Big Leagues"""	2018-12-14	1wZtkThiXbVNtj6hee6dz9
2zlrwEhyQvCZJH4zfAwasJ	Juntos Otra Vez	2018-12-14	1wZtkThiXbVNtj6hee6dz9
4PPz4pONyn0kkAEwtl8PVf	Como en los Tiempos de Antes	2018-11-16	1wZtkThiXbVNtj6hee6dz9
6hi0iodw6kzqb5nXaEAmIm	Wisin & Yandel y Amigos	2018-04-12	1wZtkThiXbVNtj6hee6dz9
1bsrZ7KRHbQFwBWgRWJ8T5	Wisin & Yandel en Vivo	2014	1wZtkThiXbVNtj6hee6dz9
0pKZJj9GzcKPCS8r4IaksA	High As Hope	2018-06-29	1moxjboGR7GNWYIMWsRjgG
2btszoya78vyT8fwelmVnz	How Big, How Blue, How Beautiful	2015-06-01	1moxjboGR7GNWYIMWsRjgG
0Om2TWqroaCLQamQME3bD2	How Big, How Blue, How Beautiful (Deluxe)	2015-06-01	1moxjboGR7GNWYIMWsRjgG
5mkf4N44kdEwYgaOk3hRLF	love is not dying	2020-04-17	3gIRvgZssIb9aiirIg0nI3
1v4vLUUSUKlXUJ3V0NI7lo	Motions	2017-05-26	3gIRvgZssIb9aiirIg0nI3
2yuQqhSklmfWgn8lmJNk5t	Nobody Is Listening	2021-01-15	5ZsFI1h6hIdQRw2ti0hz81
5wne9TQpM9mL5qApKph2U2	Icarus Falls	2018-12-14	5ZsFI1h6hIdQRw2ti0hz81
6VH2op0GKIl3WNTbZmmcmI	The Complete BBC Sessions	2016-09-16	36QJpDe2go2KgaRleHCDTp
23FJTTzUIUjhmimOE2CTX2	Physical Graffiti (Deluxe Edition)	2015-02-20	36QJpDe2go2KgaRleHCDTp
0kTe1sQd9yhDsdG2Zth7X6	Celebration Day	2012-11-19	36QJpDe2go2KgaRleHCDTp
4wExFfncaUIqSgoxnqa3Eh	Mothership	2007	36QJpDe2go2KgaRleHCDTp
3otvl9PN3kOgk5uwAh1CBL	How the West Was Won (2018 Remaster)	2003-05-27	36QJpDe2go2KgaRleHCDTp
5auUsyFbwRARoWkOFopQ12	Stay +	2017-12-29	2qxJFvFYMEDqd7ui6kSAcq
2pNuka3J2N9rzaeSstLyCm	True Colors (Perfect Edition)	2015-12-30	2qxJFvFYMEDqd7ui6kSAcq
2oVrxRrHIRUTCA9HD9AZNo	True Colors	2015-05-19	2qxJFvFYMEDqd7ui6kSAcq
3PzVbo0ulFYswlyRCaW8ZG	The Owl	2019-09-20	6yJCxee7QumYr820xdIsjo
1Iq2lj7QVvs9SLDFnncOw3	Welcome Home	2017-05-12	6yJCxee7QumYr820xdIsjo
1xy141zMRluP7YaE94IawT	JEKYLL + HYDE	2015-04-28	6yJCxee7QumYr820xdIsjo
6u9LSUXpp53v2ypU6DRjlA	Uncaged	2012-07-06	6yJCxee7QumYr820xdIsjo
5peIUWUKu5LOriwIsMMiiF	So Good (Japan Special Edition)	2017-05-03	1Xylc3o4UrD53lo9CvFvVg
5YLRVHDVRw3QqWbeTGpC5B	So Good	2017-03-17	1Xylc3o4UrD53lo9CvFvVg
40ytiSNyGYWHLgJJDMvxJc	Wonder Woman 1984 (Sketches from the Soundtrack)	2021-02-05	0YC192cP3KPCRWx8zr8MfZ
1S6PQvbIyUIS9P6Cxu9lmO	Wonder Woman 1984 (Original Motion Picture Soundtrack)	2020-12-16	0YC192cP3KPCRWx8zr8MfZ
3B45f4sZTY8VC6slaW79Si	Hillbilly Elegy (Music from the Netflix Film)	2020-11-20	0YC192cP3KPCRWx8zr8MfZ
5Qu3wewdfxA6D1ITnwgQmD	Rebuilding Paradise (Original Motion Picture Soundtrack)	2020-11-06	0YC192cP3KPCRWx8zr8MfZ
6SWYkV3Nv4KIiVDUnRLTQv	Trabaja Desde Casa Con Hans Zimmer	2020-06-05	0YC192cP3KPCRWx8zr8MfZ
3TkSm0esbUBPygKvMrwWQn	Elisabeth	2020-05-08	40ZNYROS4zLfyyBSs2PGe2
0npZ1Ryg8HaFGeb2HKYQIz	DeAnn	2019-08-24	40ZNYROS4zLfyyBSs2PGe2
22lEQJ7khtB2yvsq84FDQb	Motivan2	2016-09-30	21451j1KhjAiaYKflxBjr1
1KcfrT68szPLjuupD7db7e	Motivando a la Yal	2014-10-07	21451j1KhjAiaYKflxBjr1
5F1iwLVvk6Ss14PrbHKKLi	Motivando a la Yal Special Edition	2014-10-06	21451j1KhjAiaYKflxBjr1
136hWio0iQxyaM4Fldl0Ol	Los Verdaderos	2010-11-02	21451j1KhjAiaYKflxBjr1
762qEGXU9cqGzzvsGoMNS7	Motivando A La Yal (Special Edition)	2005-06-07	21451j1KhjAiaYKflxBjr1
